Workbook

Sheet Свод
A1: Учтепа сити лойиҳасини амалга ошириш учун дастлабки таҳлилий сарф-харажатлар
A2: ҲИСОБ КИТОБИ
A4: Харажатлар номи | B4: Сони | C4: Суммаси
A5: Турар-жойларни кўчириш билан боғлиқ компенсация харажатлари | B5: =Турар!A157 -> 151 | C5: =Турар!Q158 -> 76359453
A6: Нотурар-жойларни кўчириш билан боғлиқ компенсация харажатлари | B6: 16 | C6: =Нотурар!L20 -> 37980000
A7: Вазирлар Маҳкамасининг 2024 йил 10 июльдаги 414-сонли қарорига асосан дирекция томонидан давлат объектларини кўчириш мажбурияти харажатлари | B7: 5 | C7: 15000000
A8: Дирекция сақлаш ва бошқа сарф-харажатлари | C8: 3000000
A9: Қўшимча харажатлар (1-2 %) | C9: =(C8+C7+C6+C5)*1.5% -> 1985091.8
A10: Ички инфротузилма | C10: 7100000
A11: Яшил майдон | C11: 3500000
A12: Жами харажатлар: | C12: =SUM(C5:C11) -> 1.4492454e+08

Sheet Нотурар
A1: Учтепа тумани Катта Чўпонота махалласидаги нотурар объектлар
A2: Тартиб рақами | B2: Карта рақами | C2: Мулк эгаси | D2: Кўчаси | E2: Уй рақами | F2: Кадастр рақами | G2: Хужжати | H2: Хужжат бўйича Ер майдони, кв.м. | I2: Сотка | J2: Қурилиш ости кв.м. | K2: Захват кв.м. | L2: Снос харажатлари ($100 000)
A3: 1 | B3: 134 | C3: ООО 'QODIRBEK' | D3: МКАД | F3: 10:01:06:01:02:0013 | G3: Решение хакима №261 от 12.10.2006г. Решение Хокима №1182 от 28.12.2017г. | H3: 1150 | I3: =H3/100 -> 11.5 | L3: =I3*100000 -> 1150000
A4: 2 | B4: 136 | C4: ATABAYEV ALISHER QADAMOVICH | D4: Богистон, | E4: 4а | F4: 10:01:06:01:02:0022 | G4: Договор купли-продажи №01/08 от 13.08.2020г. | H4: 211 | I4: =H4/100 -> 2.11 | L4: =I4*100000 -> 211000
A5: 3 | B5: 137 | C5: ЧП "DE LYUKS STAR" | D5: Богистон, | E5: 4а | F5: 10:01:06:01:02:0038 | G5: решение №145 от 13.03.2015г. | H5: 3663 | I5: =H5/100 -> 36.63 | L5: =I5*100000 -> 3663000
A6: 4 | B6: 138 | C6: MUXAMEDOV BEXZOD NIGMATULLAYEVICH | D6: Богистон, | E6: 4б | F6: 10:01:06:01:02:0047 | G6: Решение Хокима №78 от 12.02.2015г. | H6: 1751 | I6: =H6/100 -> 17.51 | L6: =I6*100000 -> 1751000
A7: 5 | B7: 139 | C7: ООО 'RAVSHANJON-UNIPROM ' | D7: Богистон, | E7: 4а | F7: 10:01:06:01:02:0054 | G7: Договор купли-продажи №4986 от 19.08.2014г.акт приемки в эксплуатацию завершенных строительством (реконструкцией) зданий и сооружений №28941511 от 19.03.2021г. | H7: 516 | I7: =H7/100 -> 5.16 | L7: =I7*100000 -> 516000
A8: 6 | B8: 140 | C8: ООО "RAVSHANJON-UNIPROM" | D8: Богистон, | E8: 4а | F8: 10:01:06:01:02:0029 | G8: Решение хакима №42 от 14.02.2008г. | H8: 2152 | I8: =H8/100 -> 21.52 | L8: =I8*100000 -> 2152000
A9: 7 | B9: 144 | C9: ООО "UCHTEPA AKSAZ" | D9: МКАД, | E9: 3а | F9: 10:01:06:01:02:0030 | G9: Решение хакима №1266 от 22.12.2003г. | H9: 240 | I9: =H9/100 -> 2.4 | K9: 27 | L9: =I9*100000 -> 240000
A10: 8 | B10: 155 | C10: ЧП "VLAVAD RENT SERVIS" | D10: Фозилтепа, | E10: 42 | F10: 10:01:06:01:02:0040 | G10: Государственный ордер №247 от 06.09.2006г. | H10: 2328 | I10: =H10/100 -> 23.28 | L10: =I10*100000 -> 2328000
A11: 9 | B11: 157 | C11: OOO "AKSAVA" | D11: Фозилтепа, | E11: 34 | F11: 10:01:06:01:02:0008 | G11: Решение хакима №970 от 27.08.2001г. | H11: 1000 | I11: =H11/100 -> 10 | K11: 7 | L11: =I11*100000 -> 1000000
A12: 10 | B12: 158 | C12: ООО "PROF AVTO GARANT" | D12: Фозилтепа | F12: 10:01:06:01:02:0003 | G12: Решение Хокима №104 от 30.01.2017г. | H12: 333 | I12: =H12/100 -> 3.33 | L12: =I12*100000 -> 333000
A13: 11 | B13: 159 | C13: ЧП 'MTP GARANT AGROMASH SERVIS' | D13: Фозилтепа, | E13: 34 | F13: 10:01:06:01:02:0009 | G13: Государственный ордер №12 от 23.07.2015г. | H13: 4285 | I13: =H13/100 -> 42.85 | L13: =I13*100000 -> 4285000
A14: 12 | B14: 160 | C14: ООО "ERDON-SERVIS" | D14: Богистон, | E14: 4е | F14: 10:01:06:01:02:0025 | G14: Решение хакима №12 от 13.01.2009г. | H14: 3600 | I14: =H14/100 -> 36 | L14: =I14*100000 -> 3600000
A15: 13 | B15: 20 | C15: ЧП "GULSHAN JILOSI" | D15: Фозилтепа | E15: 178 | F15: 10:01:06:01:02:0019 | G15: Олди сотди шартномаси 07.08.2012 й № 2/2833, Фуқаролик ишлари бўйича Тошкент шахар судининг қарори 17.03.2015 й № 10-1520/3172 | H15: 639 | I15: =H15/100 -> 6.39 | J15: 678 | L15: =I15*100000 -> 639000
A16: 14 | B16: 22 | C16: MIRSOATOV UBAYDULLO ABDULLO O‘G‘LI | D16: Фозилтепа | E16: 178 | F16: 10:01:06:01:02:0031 | G16: Олди сотди шартномаси 06.03.2019 й № 201900061001688. | I16: =H16/100 -> 0 | J16: 67 | L16: =J16*1000 -> 67000
A17: 15 | B17: 23 | C17: SIDIKOV BAXODIR AKMALOVICH | D17: Фозилтепа | E17: 178 | F17: 10:01:06:01:02:0032 | G17: Олди сотди шартномаси 03.06.2021 й № 202102108003387. | H17: 1045 | I17: =H17/100 -> 10.45 | J17: 892 | L17: =I17*100000 -> 1045000
A18: 16 | B18: 2 | C18: ГП "Спецавтообъединение Главного управления здравоохранения г.Ташкента" | D18: Фозилтепа, | E18: 34 | F18: 10:01:06:01:02:0005 | G18: Приказ №65 от 16.02.1995г. Приказ №289 от 13.10.2017г. | H18: 42507 | I18: =H18/100 -> 425.07 | L18: 8000000
A19: 17 | B19: 1 | C19: ООО "TOSHKENT SHAHAR SUV TA`MINOTI" | D19: Фозилтепа, | E19: 30 | F19: 10:01:06:01:02:0021 | G19: Учтепа туман хокимининг карори 10.03.2017 й. № 238 | H19: 14394 | I19: =H19/100 -> 143.94 | L19: 7000000
C20: Жами: | H20: =SUM(H3:H29) -> 24573 | I20: =SUM(I3:I29) -> 245.73 | K20: =SUM(K3:K29) -> 117 | L20: =SUM(L3:L19) -> 37980000
A22: Компенсация берилмайдиган ҳамада бузилмайдиган нотурар объектлар
A23: Тартиб рақами | B23: Карта рақами | C23: Мулк эгаси | D23: Кўчаси | E23: Уй рақами | F23: Кадастр рақами | G23: Хужжати | H23: Хужжат бўйича Ер майдони, кв.м. | I23: Сотка | K23: Захват кв.м. | L23: Снос харажатлари ($100 000)
A24: 18 | B24: 21 | C24: "DRENAJLAR VA KOLLEKTORLARNI TA'MIRLASH VA SAQLASH IXTISOSLASHTIRILGAN BOSHKARMASI"DAVLAT MUASSASAS | D24: Фозилтепа | E24: 178 | F24: 10:01:06:01:02:0049 | G24: Мехнаткашлар депутатлариТошкент шахар советининг ижроия комитетининг қарори 01.07.1969 й № 192, Тошкент шахар совет халқ депутатлари комитетининг қарори 06.03.1987 й № 155/5, Акмал Икромов туман хокимининг қарори 29.10.1999 й № 1493. | H24: 1013 | I24: =H24/100 -> 10.13
A25: 19 | B25: 24 | C25: XUKUMAT OB'EKLARIDA XIZMAT KO'RSATISH BO'YICHA MAXSUS BOSHQARMA | D25: Фозилтепа | E25: 178 | F25: 10:01:06:01:02:0014 | G25: Ўзбекистон Республикаси Вазирлар Махкамасининг фармойиши 20.03.2003 й № 166-ф | H25: 19805 | I25: =H25/100 -> 198.05
A26: 20 | B26: 135 | C26: Сход граждан махалли 'CHO'PON OTA' | D26: Богистон, | E26: 5 | F26: 10:01:06:01:02:0052 | G26: Договор аренды земельного участка №1-14-1-0283-12 от 26.08.2012г. | H26: 1011 | I26: =H26/100 -> 10.11
A27: 21 | B27: 156 | C27: ГУП "SUVSOZ" | D27: Фозилтепа, | E27: 42 | F27: 10:01:06:01:02:0039 | G27: Решение №708/33 от 04.12.1987г. Государственный ордер подтверждающий права собственности №16 от 05.05.2020г. | H27: 5308 | I27: =H27/100 -> 53.08
A29: 1 | B29: 28 | C29: G‘AFURJONOV SHAHZOD ALISHER O‘G‘LI | D29: Фозилтепа | F29: 10:01:06:01:02:0017 | G29: Олди сотди шартномаси 05.02.2021 й № 202101915001388. | H29: 1660 | I29: =H29/100 -> 16.6 | J29: 52 | K29: 83
A30: 2 | B30: 7 | C30: XAMIDOVA PARIDA KABILOVNA | D30: Богобод | E30: 269,271а,273 | F30: 10:01:06:01:02:0055 | G30: Учтепа туман хокимининг қарори 27.05.2016 й № 398 | H30: 4144 | I30: =H30/100 -> 41.44 | J30: 1791
A31: 3 | B31: 25 | C31: ООО "TURON MEROS" | D31: Фозилтепа | E31: 178 | F31: 10:01:06:01:02:0058 | G31: Тошкент шахар хокими 01.06.2021 й № 650 | H31: 15000 | I31: =H31/100 -> 150
A32: 4 | B32: 27 | C32: ООО "SOFIYA QANDOLAT" | D32: Фозилтепа | F32: 10:01:06:01:02:0057 | G32: Тошкент шахар хокими 07.04.2021 й № 386 | H32: 8000 | I32: =H32/100 -> 80 | J32: 7628
A33: 5 | B33: 29 | C33: ООО "MADINA-MUXLISA STAR" (Парк) | D33: Фозилтепа, | E33: 251 | F33: 10:01:06:01:02:0016 | G33: Учтепа туман хокими қарори 14.12.2017 й № 1140 | H33: 45200 | I33: =H33/100 -> 452
A34: 23 | C34: Жами: | H34: =SUM(H19:H27) -> 41531 | I34: =SUM(I19:I27) -> 415.31 | K34: =SUM(K19:K27) -> 0

Sheet Турар
A1: Учтепа тумани Катта Чўпонота махалласидаги турар уй жойлар
A2: № | B2: К/р | D2: Мулкдор | E2: Кадастр рақами | F2: Кўча | G2: Уй рақами | H2: Хужжат бўйича Ер майдони, кв.м. | I2: Умумий ер майдони кв.м. | J2: Ўзбошимча ер майдони кв.м. | K2: Қурилиш оости майдони кв.м. | L2: Яшаш майдони кв.м. | M2: Хуқуқ тури | N2: Ер нархи кв.м. $ 500-800 | O2: Бино нархи $ 300
A3: 1 | B3: 1 | C3: 1 | D3: MERNIY ANATOLIY GRIGOREVICH | E3: 10:01:06:01:02:5074 | F3: Богистон | G3: 257 | H3: 2500 | I3: 2500 | J3: =I3-H3 -> 0 | K3: 135 | L3: 31.84 | M3: Ҳадя шартномаси 20-331 08/05/03 | N3: =I3*P3/100 -> 1750000 | O3: =K3*300 -> 40500 | P3: 70000 | Q3: =N3+O3 -> 1790500
A4: 2 | B4: 2 | C4: 1 | D4: NASIROVA FOTIMA XAMIDULLAYEVNA | E4: 10:01:06:01:02:5136 | F4: Х Турсункулов | G4: 259 | H4: 2400 | I4: 3200 | J4: =I4-H4 -> 800 | K4: 675 | L4: 115.49 | M4: Олди-сотди шартномаси 927 27/02/03 | N4: =I4*P4/100 -> 2240000 | O4: =K4*300 -> 202500 | P4: 70000 | Q4: =N4+O4 -> 2442500
A5: 3 | B5: 4 | C5: 1 | D5: TULAGANOV AXMADJON TAGIROVICH | E5: 10:01:06:01:02:5075 | F5: Богистон | G5: 261 | H5: 1390 | I5: 1390 | J5: =I5-H5 -> 0 | K5: 588 | L5: 231.64 | M5: Олди-сотди шартномаси 2,02102E+14 27/12/21 | N5: =I5*P5/100 -> 973000 | O5: =K5*300 -> 176400 | P5: 70000 | Q5: =N5+O5 -> 1149400
A6: 4 | B6: 5 | C6: 1 | D6: YAFUNYAYEV MURAD FARIDOVICH | E6: 10:01:06:01:02:5076 | F6: Богистон | G6: 263 | H6: 4900 | I6: 5098 | J6: =I6-H6 -> 198 | K6: 311 | L6: 257.26 | M6: Олди-сотди шартномаси 12-901 14/10/99 | N6: =I6*P6/100 -> 2549000 | O6: =K6*300 -> 93300 | P6: 50000 | Q6: =N6+O6 -> 2642300
A7: 5 | B7: 8 | C7: 2 | D7: XUSNITDINOV TAXIRDJAN XUDAYBERGENOVICH | E7: 10:01:06:01:02:5123 | F7: Богистон | G7: 275 | H7: 636 | I7: 636 | J7: =I7-H7 -> 0 | K7: 413 | L7: 105.19 | M7: Қонун бўйича ворислик ҳақида гувоҳнома 2-6149 04/12/90 | N7: =I7*P7/100 -> 318000 | O7: =K7*300 -> 123900 | P7: 50000 | Q7: =N7+O7 -> 441900
A8: 6 | B8: 9 | C8: 2 | D8: XUSNITDINOV DILSHOD TAXIRJANOVICH | E8: 10:01:06:01:02:5123/01 | F8: Богистон | G8: 275б | H8: 398 | I8: 398 | J8: =I8-H8 -> 0 | K8: 134 | L8: 66.01 | M8: Ҳадя шартномаси 2,019E+14 02/07/19 | N8: =I8*P8/100 -> 199000 | O8: =K8*300 -> 40200 | P8: 50000 | Q8: =N8+O8 -> 239200
A9: 7 | B9: 10 | C9: 2 | D9: ACHILOVA GULBAXOR RIXSIYEVNA | E9: 10:01:06:01:02:5078/01 | F9: Богистон | G9: 275г | H9: 300 | I9: 300 | J9: =I9-H9 -> 0 | K9: 117 | L9: 52.72 | M9: Ҳадя шартномаси 2,01901E+14 15/02/19 | N9: =I9*P9/100 -> 150000 | O9: =K9*300 -> 35100 | P9: 50000 | Q9: =N9+O9 -> 185100
A10: 8 | B10: 11 | C10: 2 | D10: XAITMUXAMEDOVA DILORAM TOXIRJONOVNA | E10: 10:01:06:01:02:5154 | F10: Богистон | G10: 275в | H10: 391 | I10: 391 | J10: =I10-H10 -> 0 | K10: 233 | L10: 89.46 | M10: Ҳадя шартномаси 2,02002E+14 13/11/20 | N10: =I10*P10/100 -> 195500 | O10: =K10*300 -> 69900 | P10: 50000 | Q10: =N10+O10 -> 265400
A11: 9 | B11: 12 | C11: 2 | D11: KARIMOVA MALIKA TAXIRDJANOVNA | E11: 10:01:06:01:02:5078 | F11: Богистон | G11: 275а | H11: 845 | I11: 845 | J11: =I11-H11 -> 0 | K11: 276 | L11: 80.59 | M11: Ҳадя шартномаси 2,01901E+14 15/02/19 | N11: =I11*P11/100 -> 422500 | O11: =K11*300 -> 82800 | P11: 50000 | Q11: =N11+O11 -> 505300
A12: 10 | B12: 13 | C12: 2 | D12: XUDJAMURATOV ALISHER AVLAYEVICH | E12: 10:01:06:01:02:5156 | F12: Богистон | G12: 275д | H12: 600 | I12: 659 | J12: =I12-H12 -> 59 | K12: 22 | L12: 16.24 | M12: Олди-сотди шартномаси 2,02002E+14 16/09/20 | N12: =I12*P12/100 -> 329500 | O12: =K12*300 -> 6600 | P12: 50000 | Q12: =N12+O12 -> 336100
A13: 11 | B13: 14 | C13: 2 | D13: XASHIMOV XABIBULLA XASANOVICH | E13: 10:01:06:01:02:5079 | F13: Богистон | G13: 277 | H13: 754 | I13: 779 | J13: =I13-H13 -> 25 | K13: 470 | L13: 217.57 | M13: Ҳадя шартномаси Р-р1-2975 09.10.2003 | N13: =I13*P13/100 -> 623200 | O13: =K13*300 -> 141000 | P13: 80000 | Q13: =N13+O13 -> 764200
A14: 12 | B14: 15 | C14: 2 | D14: XASHIMOV ABDURAXMON ABDUKASIMOVICH | E14: 10:01:06:01:02:5144 | F14: Богистон | G14: 279а | H14: 535 | I14: 535 | J14: =I14-H14 -> 0 | K14: 222 | L14: 85.84 | M14: Ҳадя шартномаси 1-3869 13/10/16 | N14: =I14*P14/100 -> 428000 | O14: =K14*300 -> 66600 | P14: 80000 | Q14: =N14+O14 -> 494600
A15: 13 | B15: 16 | C15: 2 | D15: XASHIMOV MURAT XUSANOVICH | E15: 10:01:06:01:02:5141 | F15: Богистон | G15: 281 | H15: 1093 | I15: 1093 | J15: =I15-H15 -> 0 | K15: 460 | L15: 182.68 | M15: Қонун бўйича ворислик ҳақида гувоҳнома 2,019E+14 16/09/19 | N15: =I15*P15/100 -> 546500 | O15: =K15*300 -> 138000 | P15: 50000 | Q15: =N15+O15 -> 684500
A16: 14 | B16: 17 | C16: 2 | D16: AXRAROV SANJAR YAXYAYEVICH | E16: 10:01:06:01:02:5080 | F16: Богистон | G16: 279 | H16: 1265 | I16: 2509 | J16: =I16-H16 -> 1244 | K16: 653 | L16: 68.49 | M16: Келишув битими 2,019E+14 06/08/19 | N16: =I16*P16/100 -> 1630850 | O16: =K16*300 -> 195900 | P16: 65000 | Q16: =N16+O16 -> 1826750
A17: 15 | B17: 18 | C17: 2 | D17: XALILOV ABDUSAMAT ABDUJALILOVICH | E17: 10:01:06:01:02:5132 | F17: Богистон | G17: 283а | H17: 600 | I17: 600 | J17: =I17-H17 -> 0 | K17: 167 | L17: 30.53 | M17: Васиятнома бўйича меросга бўлган ҳуқуқ ҳақидаги гувоҳномаси 1-441 16/02/17 | N17: =I17*P17/100 -> 480000 | O17: =K17*300 -> 50100 | P17: 80000 | Q17: =N17+O17 -> 530100
A18: 16 | B18: 19 | C18: 2 | D18: XALILOV ABDUSATTOR ABDUJALILOVICH | E18: 10:01:06:01:02:5081 | F18: Богистон | G18: 283 | H18: 2114 | I18: 2114 | J18: =I18-H18 -> 0 | K18: 556 | L18: 233.3 | M18: Қонун бўйича ворислик ҳақида гувоҳнома 1-439 16/02/17 | N18: =I18*P18/100 -> 1057000 | O18: =K18*300 -> 166800 | P18: 50000 | Q18: =N18+O18 -> 1223800
A19: 17 | B19: 26 | C19: 2 | D19: BIRYUKOVA ROZA GLIMYANOVNA | E19: 10:01:06:01:02:5135 | F19: Фозилтепа | G19: 244 | H19: 1010 | I19: 1010 | J19: =I19-H19 -> 0 | K19: 228 | L19: 76.5 | M19: қарори 227 28/03/18 | N19: =I19*P19/100 -> 505000 | O19: =K19*300 -> 68400 | P19: 50000 | Q19: =N19+O19 -> 573400
A20: 18 | C20: 3 | D20: ASAMOVA NOZIMA AKMALOVNA | E20: 10:01:06:01:02:5073 | F20: Боғобод | G20: 180 | H20: 1020 | I20: 1020 | K20: 390 | N20: =I20*P20/100 -> 510000 | O20: =K20*300 -> 117000 | P20: 50000 | Q20: =N20+O20 -> 627000
A21: 19 | C21: 3 | D21: ASAMOVA NAILYA NASIROVNA | E21: 10:01:06:01:02:5161 | F21: Боғобод | G21: 180а | K21: 236 | N21: =I21*P21/100 -> 0 | O21: =K21*300 -> 70800 | P21: 50000 | Q21: =N21+O21 -> 70800
D22: Mannapov Ibroxim Abdunazarovich | F22: Богистон | G22: 261а | H22: 428 | I22: =H22 -> 428 | J22: =I22-H22 -> 0
D23: KARIMOV FAXRIDDIN TULYAGANOVICH | F23: Богистон | G23: 271 | H23: 2214 | I23: =H23 -> 2214 | J23: =I23-H23 -> 0
D24: Жами: | H24: =SUM(H3:H19) -> 21731 | I24: =SUM(I3:I19) -> 24057 | J24: =SUM(J3:J19) -> 2326 | K24: =SUM(K3:K19) -> 5660 | L24: =SUM(L3:L19) -> 1941.35 | N24: =SUM(N3:N21) -> 14907050 | O24: =SUM(O3:O21) -> 1885800 | Q24: =N24+O24 -> 16792850
J25: =I25-H25 -> 0 | P25: 50000 | Q25: =N25+O25 -> 0
A26: 20 | B26: 3 | C26: 10 | D26: XAMEDOV ZAFAR IRGASHEVICH | E26: 10:01:06:01:02:5150 | F26: Богистон | G26: 75а | H26: 487 | I26: 487 | J26: =I26-H26 -> 0 | K26: 220 | L26: 36.4 | M26: қарори 327 29/11/18 | N26: =I26*P26/100 -> 243500 | O26: =K26*300 -> 66000 | P26: 50000 | Q26: =N26+O26 -> 309500
A27: 21 | B27: 4 | C27: 10 | D27: XODJAYEV MURODJON KARIMBERDIYEVICH | E27: 10:01:06:01:02:5139 | F27: Богистон | G27: 65 | H27: 600 | I27: 591 | J27: =I27-H27 -> -9 | K27: 110 | L27: 11.2 | M27: Олди-сотди шартномаси 2,02002E+14 22/05/20 | N27: =I27*P27/100 -> 295500 | O27: =K27*300 -> 33000 | P27: 50000 | Q27: =N27+O27 -> 328500
A28: 22 | B28: 5 | C28: 9 | D28: SHERXANOV SHAHZOD RAVSHAN O‘G‘LI | E28: 10:01:06:01:02:5052 | F28: Богистон | G28: 67 | H28: 600 | I28: 600 | J28: =I28-H28 -> 0 | K28: 407 | L28: 201.6 | M28: Олди-сотди шартномаси 2,019E+14 27/12/19 | N28: =I28*P28/100 -> 300000 | O28: =K28*300 -> 122100 | P28: 50000 | Q28: =N28+O28 -> 422100
A29: 23 | B29: 6 | C29: 10 | D29: RASHIDOV ZIYOVIDDIN NAIMOVICH | E29: 10:01:06:01:02:5039 | F29: Богистон | G29: 69 | H29: 941 | I29: 941 | J29: =I29-H29 -> 0 | K29: 340 | L29: 130.68 | M29: Қонун бўйича ворислик ҳақида гувоҳнома 2,02202E+14 17/02/22 | N29: =I29*P29/100 -> 470500 | O29: =K29*300 -> 102000 | P29: 50000 | Q29: =N29+O29 -> 572500
A30: 24 | B30: 7 | C30: 10 | D30: ATABAYEVA DILORAM IRGASHEVNA | E30: 10:01:06:01:02:5059 | F30: Богистон | G30: 71 | H30: 482 | I30: 482 | J30: =I30-H30 -> 0 | K30: 350 | L30: 164.96 | M30: Ҳадя шартномаси 10-201 23/05/07 | N30: =I30*P30/100 -> 241000 | O30: =K30*300 -> 105000 | P30: 50000 | Q30: =N30+O30 -> 346000
A31: 25 | B31: 8 | C31: 10 | D31: XAMEDOV RAVSHAN IRGASHEVICH | E31: 10:01:06:01:02:5060 | F31: Богистон | G31: 73 | H31: 837 | I31: 837 | J31: =I31-H31 -> 0 | K31: 339 | L31: 197.16 | M31: қарори 80 26/02/10 | N31: =I31*P31/100 -> 418500 | O31: =K31*300 -> 101700 | P31: 50000 | Q31: =N31+O31 -> 520200
A32: 26 | B32: 9 | C32: 10 | D32: MUMINOV ISMATULLA MOVLANOVICH | E32: 10:01:06:02:02:5099 | F32: Богистон | G32: 61б | H32: 600 | I32: 582 | J32: =I32-H32 -> -18 | K32: 353 | L32: 83.64 | M32: Олди-сотди шартномаси 21-1246 30/06/00 | N32: =I32*P32/100 -> 291000 | O32: =K32*300 -> 105900 | P32: 50000 | Q32: =N32+O32 -> 396900
A33: 27 | B33: 10 | C33: 10 | D33: ABDUVAXIDOVA MUXAYO ABDUVALIYEVNA | E33: 10:01:06:01:02:5055 | F33: Богистон | G33: 61 | H33: 600 | I33: 598 | J33: =I33-H33 -> -2 | K33: 163 | L33: 73.41 | M33: Қонун бўйича ворислик ҳақида гувоҳнома 1-2337 25/06/18 | N33: =I33*P33/100 -> 299000 | O33: =K33*300 -> 48900 | P33: 50000 | Q33: =N33+O33 -> 347900
A34: 28 | B34: 11 | C34: 10 | D34: XAMEDOV ZAFAR IRGASHEVICH | E34: 10:01:06:01:02:5061 | F34: Богистон | G34: 75 | H34: 888 | I34: 888 | J34: =I34-H34 -> 0 | K34: 504 | L34: 228.01 | M34: қарори 79 сонли 26/02/10 | N34: =I34*P34/100 -> 444000 | O34: =K34*300 -> 151200 | P34: 50000 | Q34: =N34+O34 -> 595200
A35: 29 | B35: 12 | C35: 10 | D35: KUSHAKOV ARTIK AXMADJANOVICH | E35: 10:01:06:01:02:5051 | F35: Богистон | G35: 59 | H35: 600 | I35: 600 | J35: =I35-H35 -> 0 | K35: 244 | L35: 82.69 | M35: Олди-сотди шартномаси 1-299 10/01/00 | N35: =I35*P35/100 -> 300000 | O35: =K35*300 -> 73200 | P35: 50000 | Q35: =N35+O35 -> 373200
A36: 30 | B36: 13 | C36: 10 | D36: AXUNDJANOVA NILUFAR MAXMUDJANOVNA | E36: 10:01:06:01:02:5128 | F36: Богистон | G36: 77 | H36: 645 | I36: 645 | J36: =I36-H36 -> 0 | K36: 218 | L36: 60.36 | M36: Олди-сотди шартномаси 2,02202E+14 04/10/22 | N36: =I36*P36/100 -> 322500 | O36: =K36*300 -> 65400 | P36: 50000 | Q36: =N36+O36 -> 387900
A37: 31 | B37: 14 | C37: 10 | D37: UMAROV ABDURASHID UKTAMOVICH | E37: 10:01:06:01:02:5049 | F37: Богистон | G37: 57 | H37: 575 | I37: 575 | J37: =I37-H37 -> 0 | K37: 302 | L37: 115.79 | M37: Ҳадя шартномаси 1990 01/04/00 | N37: =I37*P37/100 -> 287500 | O37: =K37*300 -> 90600 | P37: 50000 | Q37: =N37+O37 -> 378100
A38: 32 | B38: 15 | C38: 10 | D38: UMAROV MUMIN UKTAMOVICH | E38: 10:01:06:01:02:5134 | F38: Богистон | G38: 55 | H38: 628 | I38: 628 | J38: =I38-H38 -> 0 | K38: 442 | L38: 74.77 | M38: қарори 612 05/10/18 | N38: =I38*P38/100 -> 314000 | O38: =K38*300 -> 132600 | P38: 50000 | Q38: =N38+O38 -> 446600
A39: 33 | B39: 16 | C39: 10 | D39: ILXAMOV IKRAM XXX | E39: 10:01:06:01:02:5147 | F39: Богистон | G39: 79 | H39: 600 | I39: 534 | J39: =I39-H39 -> -66 | K39: 254 | L39: 100.3 | M39: қарори 380/11 15/10/91 | N39: =I39*P39/100 -> 267000 | O39: =K39*300 -> 76200 | P39: 50000 | Q39: =N39+O39 -> 343200
A40: 34 | B40: 17 | C40: 10 | D40: MUSAYEV RIXSIBAY XODJIAKBAROVICH | E40: 10:01:06:01:02:5083 | F40: Богистон, туп 5 | G40: 51 | H40: 600 | I40: 611 | J40: =I40-H40 -> 11 | K40: 452 | L40: 190.55 | M40: Учтепа тумани ҳокимининг қарори 1179 10/08/99 | N40: =I40*P40/100 -> 305500 | O40: =K40*300 -> 135600 | P40: 50000 | Q40: =N40+O40 -> 441100
A41: 35 | B41: 18 | C41: 10 | D41: KAMILOV ANVAR AZIMOVICH | E41: 10:01:06:01:02:5047 | F41: Богистон | G41: 53 | H41: 600 | I41: 600 | J41: =I41-H41 -> 0 | K41: 395 | L41: 167.02 | M41: Учтепа тумани ҳокимининг қарори 273 01/06/09 | N41: =I41*P41/100 -> 300000 | O41: =K41*300 -> 118500 | P41: 50000 | Q41: =N41+O41 -> 418500
A42: 36 | B42: 19 | D42: ISMAILOVA MAMURA RIXSIYEVNA | E42: 10:01:06:01:02:5105 | F42: Богистон | G42: 51 | H42: 600 | I42: 600 | J42: =I42-H42 -> 0 | K42: 232 | L42: 91.51 | M42: Курилиш шартномаси 1357 р-12-1762 28/04/92 | N42: =I42*P42/100 -> 300000 | O42: =K42*300 -> 69600 | P42: 50000 | Q42: =N42+O42 -> 369600
A43: 37 | B43: 20 | C43: 10 | D43: USMANOVA MUKARRAM RAXMATOVNA | E43: 10:01:06:01:02:5064 | F43: Богистон, туп 5 | G43: 83 | H43: 600 | I43: 600 | J43: =I43-H43 -> 0 | K43: 360 | L43: 138.27 | M43: қарори 1025 30/04/19 | N43: =I43*P43/100 -> 300000 | O43: =K43*300 -> 108000 | P43: 50000 | Q43: =N43+O43 -> 408000
A44: 38 | B44: 21 | C44: 10 | D44: ZUPAROV RUSTAM VAXITOVICH | E44: 10:01:06:01:02:5042 | F44: Богистон | G44: 49 | H44: 621 | I44: 621 | J44: =I44-H44 -> 0 | K44: 424 | L44: 165.41 | M44: қарори 20/08/98 | N44: =I44*P44/100 -> 310500 | O44: =K44*300 -> 127200 | P44: 50000 | Q44: =N44+O44 -> 437700
A45: 39 | B45: 22 | C45: 10 | D45: RAXIMOV ALISHER XABIBULLAYEVICH | E45: 10:01:06:01:02:5114 | F45: Богистон | G45: 43 | H45: 552 | I45: 552 | J45: =I45-H45 -> 0 | K45: 237 | L45: 148.84 | M45: Қонун бўйича ворислик ҳақида гувоҳнома 2,02202E+14 21/10/22 | N45: =I45*P45/100 -> 276000 | O45: =K45*300 -> 71100 | P45: 50000 | Q45: =N45+O45 -> 347100
A46: 40 | B46: 23 | C46: 10 | D46: ISMAILOV JAMSHID DJALALOVICH | E46: 10:01:06:01:02:5159 | F46: Богистон | G46: 51а | H46: 344 | I46: 344 | J46: =I46-H46 -> 0 | K46: 216 | L46: 29.47 | M46: қарори 421 22/06/18 | N46: =I46*P46/100 -> 172000 | O46: =K46*300 -> 64800 | P46: 50000 | Q46: =N46+O46 -> 236800
A47: 41 | B47: 24 | C47: 10 | D47: AXMEDOV ASKAR AKBAROVICH | E47: 10:01:06:01:02:5058 | F47: Богистон | G47: 45 | H47: 1159 | I47: 1159 | J47: =I47-H47 -> 0 | K47: 147 | L47: 88 | M47: Ш.Хоким карори N935. | N47: =I47*P47/100 -> 579500 | O47: =K47*300 -> 44100 | P47: 50000 | Q47: =N47+O47 -> 623600
A48: 42 | B48: 25 | C48: 10 | D48: BAKIYEV ALIM SABITOVICH | E48: 10:01:06:01:02:5038 | F48: Богистон | G48: 41 | H48: 600 | I48: 600 | J48: =I48-H48 -> 0 | K48: 298 | L48: 83.78 | M48: Ш.Хоким карори N18 0 | N48: =I48*P48/100 -> 300000 | O48: =K48*300 -> 89400 | P48: 50000 | Q48: =N48+O48 -> 389400
A49: 43 | B49: 26 | C49: 10 | D49: UMAROV KADIR UKTAMOVICH | E49: 10:01:06:01:02:5016 | F49: Богистон | G49: 66 | H49: 970 | I49: 1203 | J49: =I49-H49 -> 233 | K49: 330 | L49: 195.23 | M49: қарори 11-3/2 23/01/92 | N49: =I49*P49/100 -> 601500 | O49: =K49*300 -> 99000 | P49: 50000 | Q49: =N49+O49 -> 700500
A50: 44 | B50: 27 | C50: 10 | D50: AXMEDOV SHERZOD ERGASHBAYEVICH | E50: 10:01:06:01:02:5056 | F50: Богистон | G50: 64 | H50: 1290 | I50: 1290 | J50: =I50-H50 -> 0 | K50: 628 | L50: 223.55 | M50: Олди-сотди шартномаси 2-5098 06/11/07 | N50: =I50*P50/100 -> 645000 | O50: =K50*300 -> 188400 | P50: 50000 | Q50: =N50+O50 -> 833400
A51: 45 | B51: 28 | C51: 10 | D51: UMAROVA DILDORA GULYAMNAZAROVNA | E51: 10:01:06:01:02:5149 | F51: Богистон | G51: 66а | H51: 644 | I51: 644 | J51: =I51-H51 -> 0 | K51: 213 | L51: 70.74 | M51: қарори 1019 28/12/18 | N51: =I51*P51/100 -> 322000 | O51: =K51*300 -> 63900 | P51: 50000 | Q51: =N51+O51 -> 385900
A52: 46 | B52: 29 | C52: 10 | D52: UMAROV ABDUSAID UKTAMOVICH | E52: 10:01:06:01:02:5054 | F52: Богистон | G52: 60а | H52: 538 | I52: 538 | J52: =I52-H52 -> 0 | K52: 327 | L52: 123.76 | M52: Қонун бўйича меросга бўлган ҳуқуқ ҳақида гувоҳнома 2,02E+14 11/03/20 | N52: =I52*P52/100 -> 269000 | O52: =K52*300 -> 98100 | P52: 50000 | Q52: =N52+O52 -> 367100
A53: 47 | B53: 30 | C53: 10 | D53: MAMAJONOV XASAN IKROMOVICH | E53: 10:01:07:01:01:5472 | F53: Богистон | G53: 14а | H53: 1100 | I53: 700 | J53: =I53-H53 -> -400 | K53: 83.01 | L53: 83.01 | M53: Олди-сотди шартномаси 2,02102E+14 30/11/21 | N53: =I53*P53/100 -> 350000 | O53: =K53*300 -> 24903 | P53: 50000 | Q53: =N53+O53 -> 374903
A54: 48 | B54: 31 | D54: AZIMOV JAXONGIR ZAXIDOVICH | E54: 10:01:07:01:01:5141 | F54: Богистон | G54: 14 | H54: 1100 | I54: 700 | J54: =I54-H54 -> -400 | K54: 254 | L54: 31.98 | M54: Қонун бўйича ворислик ҳақида гувоҳнома 30-1706 27/12/06 | N54: =I54*P54/100 -> 350000 | O54: =K54*300 -> 76200 | P54: 50000 | Q54: =N54+O54 -> 426200
A55: 49 | B55: 32 | C55: 10 | D55: UMAROV ABDURASUL UKTAMOVICH | E55: 10:01:06:01:02:5063 | F55: Богистон | G55: 60 | H55: 1299 | I55: =H55 -> 1299 | J55: =I55-H55 -> 0 | K55: 475 | L55: 169.5 | M55: Қонун бўйича меросга бўлган ҳуқуқ ҳақида гувоҳнома 2,02E+14 11/03/20 | N55: =I55*P55/100 -> 649500 | O55: =K55*300 -> 142500 | P55: 50000 | Q55: =N55+O55 -> 792000
A56: 50 | B56: 33 | D56: AZIMOV SATTAR XXX | E56: 10:01:06:01:02:5014 | F56: Богистон | G56: 18 | H56: 945 | I56: 945 | J56: =I56-H56 -> 0 | K56: 427 | L56: 172.53 | M56: фармойиши 255 р-р 02/06/92 | N56: =I56*P56/100 -> 472500 | O56: =K56*300 -> 128100 | P56: 50000 | Q56: =N56+O56 -> 600600
A57: 51 | B57: 34 | C57: 10 | D57: AZIMOV SHUXRAT GAPPAROVICH | E57: 10:01:06:01:02:5048 | F57: Богистон | G57: 54 | H57: 759 | I57: 759 | J57: =I57-H57 -> 0 | K57: 393 | L57: 231.38 | M57: Ҳадя шартномаси Р-р1-629 12/01/05 | N57: =I57*P57/100 -> 379500 | O57: =K57*300 -> 117900 | P57: 50000 | Q57: =N57+O57 -> 497400
A58: 52 | B58: 35 | C58: 12 | D58: XODJAYEV FAZLITDIN ZAYNITDINOVICH | E58: 10:01:06:01:02:5015 | F58: Богистон | G58: 52 | H58: 380 | I58: 380 | J58: =I58-H58 -> 0 | K58: 312 | L58: 62.81 | M58: Олди-сотди шартномаси 2,02202E+14 30/03/22 | N58: =I58*P58/100 -> 190000 | O58: =K58*300 -> 93600 | P58: 50000 | Q58: =N58+O58 -> 283600
A59: 53 | B59: 36 | C59: 12 | D59: AKBAROVA MIXAYYO XXX | E59: 10:01:06:01:02:5006 | F59: Богистон | G59: 70 | H59: 1140 | I59: 1700 | J59: =I59-H59 -> 560 | K59: 862 | L59: 382.5 | M59: Қонун бўйича ворислик ҳақида гувоҳнома 38-804 28/06/10 | N59: =I59*P59/100 -> 850000 | O59: =K59*300 -> 258600 | P59: 50000 | Q59: =N59+O59 -> 1108600
A60: 54 | B60: 37 | C60: 12 | D60: XAMDAMOV AKMAL ATXAMOVICH | E60: 10:01:06:01:02:5007 | F60: Богистон | G60: 12 | H60: 700 | I60: 700 | J60: =I60-H60 -> 0 | K60: 269 | L60: 78.99 | M60: Қонун бўйича ворислик ҳақида гувоҳнома 2,019E+14 12/10/19 | N60: =I60*P60/100 -> 350000 | O60: =K60*300 -> 80700 | P60: 50000 | Q60: =N60+O60 -> 430700
A61: 55 | B61: 38 | C61: 12 | D61: AZIMOV BAXODIR SHUKUROVICH | E61: 10:01:06:01:02:5057 | F61: Богистон | G61: 68 | H61: 593 | I61: 593 | J61: =I61-H61 -> 0 | K61: 354 | L61: 158.98 | M61: қарори 314/26 26/12/91 | N61: =I61*P61/100 -> 296500 | O61: =K61*300 -> 106200 | P61: 50000 | Q61: =N61+O61 -> 402700
A62: 56 | B62: 39 | C62: 12 | D62: AZIMOV SHUXRAT SHUKUROVICH | E62: 10:01:06:01:02:5012/01 | F62: Богистон | G62: 46а | H62: 772 | I62: 772 | J62: =I62-H62 -> 0 | K62: 285 | L62: 96.15 | M62: Қонун бўйича ворислик ҳақида гувоҳнома 2-2477 25/09/16 | N62: =I62*P62/100 -> 386000 | O62: =K62*300 -> 85500 | P62: 50000 | Q62: =N62+O62 -> 471500
A63: 57 | B63: 40 | C63: 12 | D63: YAKUBOVA MA’FURA SHUKUROVNA | E63: 10:01:06:01:02:5011 | F63: Богистон | G63: 48 | H63: 500 | I63: 573 | J63: =I63-H63 -> 73 | K63: 261 | L63: 121.69 | M63: қарори 11-3/2 23/01/92 | N63: =I63*P63/100 -> 286500 | O63: =K63*300 -> 78300 | P63: 50000 | Q63: =N63+O63 -> 364800
A64: 58 | B64: 41 | C64: 12 | D64: AZIMOV RAXMAT SHUKUROVICH | E64: 10:01:06:01:02:5012 | F64: Богистон | G64: 46 | H64: 723 | I64: 723 | J64: =I64-H64 -> 0 | K64: 340 | L64: 63.2 | M64: Қонун бўйича ворислик ҳақида гувоҳнома 2-2477 25/09/16 | N64: =I64*P64/100 -> 433800 | O64: =K64*300 -> 102000 | P64: 60000 | Q64: =N64+O64 -> 535800
A65: 59 | B65: 42 | C65: 12 | D65: XAMDAMOV ALIDJAN ANVAROVICH | E65: 10:01:06:01:02:5152 | F65: Богистон | G65: 72 | H65: 725 | I65: 725 | J65: =I65-H65 -> 0 | K65: 315 | L65: 65.34 | M65: қарори 1415 10/05/19 | N65: =I65*P65/100 -> 362500 | O65: =K65*300 -> 94500 | P65: 50000 | Q65: =N65+O65 -> 457000
A66: 60 | B66: 43 | C66: 12 | D66: ABDURASULOV FAXRIDDIN ABDUSAMATOVICH | E66: 10:01:06:01:02:5155 | F66: Богистон | G66: 72а | H66: 217 | I66: 217 | J66: =I66-H66 -> 0 | K66: 150 | L66: 47.14 | M66: қарори 2388 02/08/19 | N66: =I66*P66/100 -> 108500 | O66: =K66*300 -> 45000 | P66: 50000 | Q66: =N66+O66 -> 153500
A67: 61 | B67: 44 | C67: 12 | D67: XODJAYEVA MAYSURA RAXMATOVNA | E67: 10:01:06:01:02:5033 | F67: Богистон | G67: 39 | H67: 600 | I67: 658 | J67: =I67-H67 -> 58 | K67: 271 | L67: 92.01 | M67: Қонун бўйича ворислик ҳақида гувоҳнома 2,02102E+14 07/12/21 | N67: =I67*P67/100 -> 329000 | O67: =K67*300 -> 81300 | P67: 50000 | Q67: =N67+O67 -> 410300
A68: 62 | B68: 45 | C68: 12 | D68: MURATOV KARIM TURAYEVICH | E68: 10:01:06:01:02:5022/01 | F68: Богистон | G68: 35а | H68: 1290 | I68: 414 | K68: 230 | L68: 25.47 | M68: Ҳадя шартномаси 2-3060 03/11/18 | N68: =I68*P68/100 -> 207000 | O68: =K68*300 -> 69000 | P68: 50000 | Q68: =N68+O68 -> 276000
A69: 63 | B69: 46 | C69: 12 | D69: MURATOV KOMILJON TURAYEVICH | E69: 10:01:06:01:02:5022 | F69: Богистон | G69: 35 | H69: 1290 | I69: 876 | K69: 228 | L69: 84.42 | M69: Ҳадя шартномаси 2-3060 03/11/18 | N69: =I69*P69/100 -> 438000 | O69: =K69*300 -> 68400 | P69: 50000 | Q69: =N69+O69 -> 506400
A70: 64 | B70: 47 | C70: 12 | D70: MURATOVA ASALAT GULAMKADIROVNA | E70: 10:01:06:02:02:5198 | F70: Богистон | G70: 37 | H70: 634 | I70: 634 | J70: =I70-H70 -> 0 | K70: 353 | L70: 151.59 | M70: Олди-сотди шартномаси 7831 20/12/03 | N70: =I70*P70/100 -> 317000 | O70: =K70*300 -> 105900 | P70: 50000 | Q70: =N70+O70 -> 422900
A71: 65 | B71: 48 | C71: 12 | D71: USMANBEKOVA MUKADDAS PULATOVNA | E71: 10:01:06:01:02:5099 | F71: Богистон | G71: 27а | H71: 1116 | I71: 1071 | J71: =I71-H71 -> -45 | K71: 790 | L71: 284.8 | M71: Ҳадя шартномаси 2,02102E+14 18/10/21 | N71: =I71*P71/100 -> 642600 | O71: =K71*300 -> 237000 | P71: 60000 | Q71: =N71+O71 -> 879600
A72: 66 | B72: 49 | C72: 12 | D72: NASRITDINOV ZIYOVIDDIN XAYRITDINOVICH | E72: 10:01:06:01:02:5098 | F72: Богистон | G72: 23а | H72: 1000 | I72: 886 | J72: =I72-H72 -> -114 | K72: 576 | L72: 194.04 | M72: Олди-сотди шартномаси 2,02102E+14 03/07/21 | N72: =I72*P72/100 -> 443000 | O72: =K72*300 -> 172800 | P72: 50000 | Q72: =N72+O72 -> 615800
A73: 67 | B73: 50 | C73: 12 | D73: BAKIYEV SADIQ VASIKOVICH | E73: 10:01:06:01:02:5023 | F73: Богистон | G73: 24 | H73: 684 | I73: 400 | J73: =I73-H73 -> -284 | K73: 222 | L73: 88.78 | M73: Қонун бўйича меросга бўлган ҳуқуқ ҳақида гувоҳнома 2472 29/05/18 | N73: =I73*P73/100 -> 200000 | O73: =K73*300 -> 66600 | P73: 50000 | Q73: =N73+O73 -> 266600
A74: 68 | B74: 51 | C74: 12 | D74: USMANOVA MUKARRAM RAXMATOVNA | E74: 10:01:06:01:02:5082 | F74: Богистон | G74: 33 | H74: 597 | I74: 597 | J74: =I74-H74 -> 0 | K74: 448 | L74: 115.03 | M74: Ҳадя шартномаси 1-5075 06/09/12 | N74: =I74*P74/100 -> 298500 | O74: =K74*300 -> 134400 | P74: 50000 | Q74: =N74+O74 -> 432900
A75: 69 | B75: 52 | C75: 10 | D75: RAXIMOV AXMAD MAXMUTOVICH | E75: 10:01:06:01:02:5021 | F75: Богистон, туп. 3 | G75: 31 | H75: 983 | I75: 843 | J75: =I75-H75 -> -140 | K75: 317 | L75: 103 | M75: Васиятнома бўйича меросга бўлган ҳуқуқ ҳақидаги гувоҳномаси 1-281 08/02/17 | N75: =I75*P75/100 -> 421500 | O75: =K75*300 -> 95100 | P75: 50000 | Q75: =N75+O75 -> 516600
A76: 70 | B76: 53 | C76: 10 | D76: YAKUBDJANOVA OZODAGUL DJARKINOVNA | E76: 10:01:06:01:02:5117 | F76: Богистон, туп 5 | G76: 85 | H76: 600 | I76: 600 | J76: =I76-H76 -> 0 | K76: 203 | L76: 82.94 | M76: Олди-сотди шартномаси р-р№ 2-231 24/01/13 | N76: =I76*P76/100 -> 300000 | O76: =K76*300 -> 60900 | P76: 50000 | Q76: =N76+O76 -> 360900
A77: 71 | B77: 54 | C77: 12 | D77: BAKIYEV OMON SABITOVICH | E77: 10:01:06:01:02:5143 | F77: Богистон | G77: 29а | H77: 606 | I77: 606 | J77: =I77-H77 -> 0 | K77: 385 | L77: 167 | M77: Ҳадя шартномаси 2-3210 10/12/17 | N77: =I77*P77/100 -> 303000 | O77: =K77*300 -> 115500 | P77: 50000 | Q77: =N77+O77 -> 418500
A78: 72 | B78: 55 | C78: 12 | D78: BAKIYEV ARIP SABITOVICH | E78: 10:01:06:01:02:5027 | F78: Богистон | G78: 29 | H78: 546 | I78: 546 | J78: =I78-H78 -> 0 | K78: 289 | L78: 152.12 | M78: Ҳадя шартномаси 2-3210 10/12/17 | N78: =I78*P78/100 -> 273000 | O78: =K78*300 -> 86700 | P78: 50000 | Q78: =N78+O78 -> 359700
A79: 73 | B79: 56 | C79: 12 | D79: USMANBEKOV YUSUP BAXRAMOVICH | E79: 10:01:06:01:02:5025 | F79: Богистон | G79: 27 | H79: 600 | I79: 600 | J79: =I79-H79 -> 0 | K79: 273 | L79: 187.94 | M79: Олди-сотди шартномаси 1061 08/04/05 | N79: =I79*P79/100 -> 300000 | O79: =K79*300 -> 81900 | P79: 50000 | Q79: =N79+O79 -> 381900
A80: 74 | B80: 57 | C80: 12 | D80: KARIMOVA SHAXIDA DALIYEVNA | E80: 10:01:06:01:02:5142 | F80: Богистон | G80: 87 | H80: 895 | I80: 895 | J80: =I80-H80 -> 0 | K80: 278 | L80: 56.37 | M80: қарори 1185 29/12/17 | N80: =I80*P80/100 -> 447500 | O80: =K80*300 -> 83400 | P80: 50000 | Q80: =N80+O80 -> 530900
A81: 75 | B81: 58 | C81: 12 | D81: KARIMOVA SHAXIDA DALIYEVNA | E81: 10:01:06:01:02:5026 | F81: Богистон | G81: 113 | H81: 1412 | I81: 1471 | J81: =I81-H81 -> 59 | K81: 523 | L81: 227.65 | M81: Қонун бўйича ворислик ҳақида гувоҳнома 2-1135 19/04/17 | N81: =I81*P81/100 -> 735500 | O81: =K81*300 -> 156900 | P81: 50000 | Q81: =N81+O81 -> 892400
A82: 76 | B82: 59 | C82: 10 | D82: ISMATULLAYEV XAYRULLA NASIROVICH | E82: 10:01:06:01:02:5068 | F82: Богистон | G82: 91 | H82: 500 | I82: 500 | J82: =I82-H82 -> 0 | K82: 124 | L82: 21.86 | M82: Олди-сотди шартномаси 2,02102E+14 18/01/21 | N82: =I82*P82/100 -> 250000 | O82: =K82*300 -> 37200 | P82: 50000 | Q82: =N82+O82 -> 287200
A83: 77 | B83: 60 | C83: 12 | D83: ARTIKOVA GULCHEXRA MANSUROVNA | E83: 10:01:06:02:02:5104 | F83: Богистон | G83: 21 | H83: 560 | I83: 560 | J83: =I83-H83 -> 0 | K83: 271 | L83: 94.61 | M83: Олди-сотди шартномаси 7275 09/11/05 | N83: =I83*P83/100 -> 280000 | O83: =K83*300 -> 81300 | P83: 50000 | Q83: =N83+O83 -> 361300
A84: 78 | B84: 61 | C84: 12 | D84: ABDUVAXIDOV PAZIL TURSUNOVICH | E84: 10:01:06:01:02:5018 | F84: Богистон | G84: 19-(26) | H84: 600 | I84: 598 | J84: =I84-H84 -> -2 | K84: 296 | L84: 152.84 | M84: қарори 267 28/04/14 | N84: =I84*P84/100 -> 299000 | O84: =K84*300 -> 88800 | P84: 50000 | Q84: =N84+O84 -> 387800
A85: 79 | B85: 62 | C85: 12 | D85: ABDUVAXIDOV MANNOB TURSUNOVICH | E85: 10:01:06:01:02:5029 | F85: Богистон | G85: 111 | H85: 901 | I85: 534 | K85: 298 | L85: 95.01 | M85: Қонун бўйича ворислик ҳақида гувоҳнома 1-6441 11/12/12 | N85: =I85*P85/100 -> 267000 | O85: =K85*300 -> 89400 | P85: 50000 | Q85: =N85+O85 -> 356400
A86: 80 | B86: 63 | C86: 12 | D86: ABDUVAXIDOV MAXAMAT TURSUNOVICH | E86: 10:01:06:01:02:5029/01 | F86: Богистон | G86: 111а | H86: 901 | I86: 367 | K86: 142 | L86: 66.16 | M86: Қонун бўйича ворислик ҳақида гувоҳнома 1-6441 сонли 11/12/12 | N86: =I86*P86/100 -> 183500 | O86: =K86*300 -> 42600 | P86: 50000 | Q86: =N86+O86 -> 226100
A87: 81 | B87: 64 | C87: 10 | D87: XAMIDOV KAMIL DJURAYEVICH | E87: 10:01:06:01:02:5121 | F87: Богистон, проезд 5 | G87: 93 | H87: 624 | I87: 624 | J87: =I87-H87 -> 0 | K87: 365 | L87: 193.4 | M87: Олди-сотди шартномаси 576 01/03/00 | N87: =I87*P87/100 -> 312000 | O87: =K87*300 -> 109500 | P87: 50000 | Q87: =N87+O87 -> 421500
A88: 82 | B88: 65 | C88: 10 | D88: ILXAMOVA SHOIRA IKRAMOVNA | E88: 10:01:06:01:02:5040 | F88: Богистон | G88: 89 | H88: 900 | I88: 900 | J88: =I88-H88 -> 0 | K88: 340 | L88: 121.25 | M88: Васиятнома бўйича меросга бўлган ҳуқуқ ҳақидаги гувоҳномаси 2,02102E+14 06/07/21 | N88: =I88*P88/100 -> 450000 | O88: =K88*300 -> 102000 | P88: 50000 | Q88: =N88+O88 -> 552000
A89: 83 | B89: 66 | C89: 12 | D89: ILXAMOV ATXAM AKRAMOVICH | E89: 10:01:06:01:02:5041 | F89: Богистон | G89: 117 | H89: 740 | I89: 807 | J89: =I89-H89 -> 67 | K89: 502 | L89: 186.94 | M89: фармойиши 336 р 22/06/92 | N89: =I89*P89/100 -> 403500 | O89: =K89*300 -> 150600 | P89: 50000 | Q89: =N89+O89 -> 554100
A90: 84 | B90: 67 | C90: 10 | D90: Yakubova Diyora Murat qizi | E90: 10:01:06:01:02:5069 | F90: Богистон | G90: 95 | H90: 830 | I90: 877 | J90: =I90-H90 -> 47 | K90: 274 | L90: 70 | M90: Олди-сотди шартномаси 2-2718 28/07/16 | N90: =I90*P90/100 -> 438500 | O90: =K90*300 -> 82200 | P90: 50000 | Q90: =N90+O90 -> 520700
A91: 85 | B91: 68 | C91: 8 | D91: XAMIDOV KOZIM DJURAYEVICH | E91: 10:01:06:01:02:5115 | F91: Богистон, туп 5 | G91: 97 | H91: 734 | I91: 734 | J91: =I91-H91 -> 0 | K91: 378 | L91: 121.55 | M91: Ҳадя шартномаси 1-4258 03/12/15 | N91: =I91*P91/100 -> 367000 | O91: =K91*300 -> 113400 | P91: 50000 | Q91: =N91+O91 -> 480400
A92: 86 | B92: 69 | C92: 8 | D92: MUMINOV SAGDULLA MOVLANOVICH | E92: 10:01:06:01:02:5036 | F92: ул. Богистон, дом | G92: 121 | H92: 520 | I92: 520 | J92: =I92-H92 -> 0 | K92: 305 | L92: 132.96 | M92: туман ижроия қўмитаси қарори 11-3/2 23/01/92 | N92: =I92*P92/100 -> 260000 | O92: =K92*300 -> 91500 | P92: 50000 | Q92: =N92+O92 -> 351500
A93: 87 | B93: 70 | C93: 8 | D93: MIRXADIYEV SHERZOD MIRAXMADOVICH | E93: 10:01:06:01:02:5037/01 | F93: ул. Богистон, дом | G93: 40а | H93: 380 | I93: 380 | J93: =I93-H93 -> 0 | K93: 240 | L93: 110.6 | M93: Олди-сотди шартномаси 7253 11/12/07 | N93: =I93*P93/100 -> 190000 | O93: =K93*300 -> 72000 | P93: 50000 | Q93: =N93+O93 -> 262000
A94: 88 | B94: 71 | C94: 8 | D94: YAKUBDJANOVA MOXIRA MELSOVNA | E94: 10:01:06:01:02:5037 | F94: ул. Богистон, дом | G94: 40 | H94: 500 | I94: 500 | J94: =I94-H94 -> 0 | K94: 333 | L94: 255.79 | M94: Олди-сотди шартномаси 15-576 11/06/10 | N94: =I94*P94/100 -> 250000 | O94: =K94*300 -> 99900 | P94: 50000 | Q94: =N94+O94 -> 349900
A95: 89 | B95: 72 | C95: 12 | D95: YAKUBDJANOVA OZODAGUL DJARKINOVNA | E95: 10:01:06:01:02:5005 | F95: Богистон, проезд 2 | G95: 119 | H95: 600 | I95: 516 | J95: =I95-H95 -> -84 | K95: 273 | L95: 55.1 | M95: Курилиш шартномаси 1326 Р№10-139 15/01/92 | N95: =I95*P95/100 -> 258000 | O95: =K95*300 -> 81900 | P95: 50000 | Q95: =N95+O95 -> 339900
A96: 90 | B96: 73 | D96: XODIYEV RAXMAT MAXKAMOVICH | E96: 10:01:06:01:02:5120 | F96: Богистон | G96: 63 | H96: 286 | I96: 286 | J96: =I96-H96 -> 0 | K96: 141 | L96: 93.53 | M96: қарори 612 05/10/18 | N96: =I96*P96/100 -> 143000 | O96: =K96*300 -> 42300 | P96: 50000 | Q96: =N96+O96 -> 185300
A97: 91 | B97: 74 | C97: 9 | D97: YAKUBOV SAMUK NABIYEVICH | E97: 10:01:06:01:02:5028 | F97: Богистон | G97: 107 | H97: 660 | I97: 660 | J97: =I97-H97 -> 0 | K97: 404 | L97: 110.21 | M97: Қонун бўйича ворислик ҳақида гувоҳнома 8-532 30/01/06 | N97: =I97*P97/100 -> 330000 | O97: =K97*300 -> 121200 | P97: 50000 | Q97: =N97+O97 -> 451200
A98: 92 | B98: 75 | C98: 9 | D98: YAKUBOV SAMUK NABIYEVICH | E98: 10:01:06:01:02:5101 | F98: Богистон | G98: 105 | H98: 1592 | I98: 663 | J98: =I98-H98 -> -929 | K98: 146 | L98: 72.12 | M98: қарори 314/26 26/12/91 | N98: =I98*P98/100 -> 331500 | O98: =K98*300 -> 43800 | P98: 50000 | Q98: =N98+O98 -> 375300
A99: 93 | B99: 76 | C99: 9 | D99: YAKUBOV SHOKIRJON SAMUKOVICH | E99: 10:01:06:01:02:5101/01 | F99: Богистон | G99: 105а | H99: 1592 | I99: 929 | J99: =I99-H99 -> -663 | K99: 465 | L99: 224.02 | M99: Ҳадя шартномаси 2,019E+14 21/01/19 | N99: =I99*P99/100 -> 464500 | O99: =K99*300 -> 139500 | P99: 50000 | Q99: =N99+O99 -> 604000
A100: 94 | B100: 77 | C100: 9 | D100: BABAJANOV BEHZOD POLVANNAZIROVICH | E100: 10:01:06:01:02:5003 | F100: Богистон | G100: 103 | H100: 488 | I100: 488 | J100: =I100-H100 -> 0 | K100: 93 | L100: 39.4 | M100: Олди-сотди шартномаси 2,02102E+14 16/12/21 | N100: =I100*P100/100 -> 244000 | O100: =K100*300 -> 27900 | P100: 50000 | Q100: =N100+O100 -> 271900
...

Sheet Турар Лотлар 
A1: № | B1: К/р | C1: Мулкдор | D1: Кадастр рақами | E1: Лот рақами | F1: Кўча | G1: Уй рақами | H1: Хужжат бўйича Ер майдони, кв.м. | I1: Умумий ер майдони кв.м. | J1: Ўзбошимча ер майдони кв.м. | K1: Қурилиш оости майдони кв.м. | L1: Яшаш майдони кв.м. | M1: Хуқуқ тури | N1: Ер нархи кв.м. $ 500-800 | O1: Бино нархи $ 300 | Q1: Компенсиация суммаси тахминий | R1: Лот майдони сотих | S1: Хар бир сотих | T1: 1 сўтиҳ нархи | U1: Тушум
A2: 1 | B2: 123 | C2: NURITDINOV KAMAL SALAXITDINOVICH | D2: 10:01:06:01:02:5070 | E2: 1 | F2: Богистон | G2: 102 | H2: 990 | I2: 990 | J2: =I2-H2 -> 0 | K2: 357 | L2: 201.82 | M2: Курилиш шартномаси 1367р-р4-3522 02/06/92 | N2: =I2*P2/100 -> 495000 | O2: =K2*300 -> 107100 | P2: 50000 | Q2: =N2+O2 -> 602100
A3: 2 | B3: 124 | C3: XAKIMOV ABDUMUTAL RASHIDOVICH | D3: 10:01:06:01:02:5072 | E3: 1 | F3: Богистон | G3: 106 | H3: 1759 | I3: 1759 | J3: =I3-H3 -> 0 | K3: 477 | L3: 236.99 | M3: Курилиш шартномаси 1369 р-р № 10-2609 02/06/92 | N3: =I3*P3/100 -> 1055400 | O3: =K3*300 -> 143100 | P3: 60000 | Q3: =N3+O3 -> 1198500
A4: 3 | B4: 125 | C4: XAKIMOV JAVLONBEK ABDUMUTALOVICH | D4: 10:01:06:01:02:5103 | E4: 1 | F4: Богистон | G4: 131 | H4: 600 | I4: 600 | J4: =I4-H4 -> 0 | K4: 226 | L4: 122.29 | M4: Ҳадя шартномаси 3173 23/06/09 | N4: =I4*P4/100 -> 390000 | O4: =K4*300 -> 67800 | P4: 65000 | Q4: =N4+O4 -> 457800
A5: 4 | B5: 126 | C5: KUSHAKOV LUTFULLA FAYZULLAYEVICH | D5: 10:01:06:01:02:5096 | E5: 1 | F5: Богистон | G5: 105 | H5: 739 | I5: 739 | J5: =I5-H5 -> 0 | K5: 427 | L5: 211.65 | M5: Ҳадя шартномаси 2,02102E+14 19/10/21 | N5: =I5*P5/100 -> 369500 | O5: =K5*300 -> 128100 | P5: 50000 | Q5: =N5+O5 -> 497600
A6: 5 | B6: 127 | C6: ADILOV KOMAL KOBILOVICH | D6: 10:01:06:01:02:5094 | E6: 1 | F6: Богистон | G6: 110 | H6: 523 | I6: 523 | J6: =I6-H6 -> 0 | K6: 195 | L6: 99.21 | M6: қарори 434 26/09/08 | N6: =I6*P6/100 -> 261500 | O6: =K6*300 -> 58500 | P6: 50000 | Q6: =N6+O6 -> 320000
A7: 6 | B7: 128 | C7: ADILOV MAMURJAN KABILOVICH | D7: 10:01:06:01:02:5097 | E7: 1 | F7: Богистон | G7: 112 | H7: 600 | I7: 600 | J7: =I7-H7 -> 0 | K7: 391 | L7: 174.5 | M7: Учтепа тумани ҳокимининг қарори 275 01/06/09 | N7: =I7*P7/100 -> 360000 | O7: =K7*300 -> 117300 | P7: 60000 | Q7: =N7+O7 -> 477300
A8: 7 | B8: 129 | C8: ADILOV MELS KABILOVICH | D8: 10:01:06:01:02:5004 | E8: 1 | F8: Богистон | G8: 116 | H8: 600 | I8: 575 | J8: =I8-H8 -> -25 | K8: 332 | L8: 132.64 | M8: қарори 794 15/07/03 | N8: =I8*P8/100 -> 345000 | O8: =K8*300 -> 99600 | P8: 60000 | Q8: =N8+O8 -> 444600
A9: 8 | B9: 130 | C9: ADILOV MAXAMATJAN KABILOVICH | D9: 10:01:06:01:02:5137/01 | E9: 1 | F9: Богистон | G9: 114а | H9: 1387 | I9: 794 | J9: =I9-H9 -> -593 | K9: 421 | L9: 109.27 | M9: Ҳадя шартномаси 15-347 27/04/06 | N9: =I9*P9/100 -> 397000 | O9: =K9*300 -> 126300 | P9: 50000 | Q9: =N9+O9 -> 523300
A10: 9 | B10: 131 | C10: QOBILOV SARDORJON SOBIT O‘G‘LI | D10: 10:01:06:01:02:5137 | E10: 1 | F10: Богистон | G10: 114 | H10: 1387 | I10: 586 | J10: =I10-H10 -> -801 | K10: 234 | L10: 98.78 | M10: Қонун бўйича меросга бўлган ҳуқуқ ҳақида гувоҳнома 2,02303E+14 23/02/23 | N10: =I10*P10/100 -> 293000 | O10: =K10*300 -> 70200 | P10: 50000 | Q10: =N10+O10 -> 363200
A11: 10 | B11: 132 | C11: ZIYAMUXAMEDOV SHUKRULLA ZAKIROVICH | D11: 10:01:06:02:02:5166 | E11: 1 | F11: Богистон | G11: 110а | H11: 600 | I11: 600 | J11: =I11-H11 -> 0 | K11: 460 | L11: 198.34 | M11: Олди-сотди шартномаси 15-254 30/03/06 | N11: =I11*P11/100 -> 390000 | O11: =K11*300 -> 138000 | P11: 65000 | Q11: =N11+O11 -> 528000
A12: 11 | B12: 133 | C12: IMAMOV OLIMJON TOIROVICH | D12: 10:01:06:01:02:5035 | E12: 1 | F12: Богистон | G12: 4 | H12: 1037 | I12: 1037 | J12: =I12-H12 -> 0 | K12: 494 | L12: 180.1 | M12: Қонун бўйича ворислик ҳақида гувоҳнома 1-3450 15/10/18 | N12: =I12*P12/100 -> 622200 | O12: =K12*300 -> 148200 | P12: 60000 | Q12: =N12+O12 -> 770400
A13: 12 | B13: 134 | C13: ООО 'QODIRBEK' | D13: 10:01:06:01:02:0013 | E13: 1 | F13: МКАД | H13: 1150 | I13: =H13/100 -> 11.5 | M13: Решение хакима №261 от 12.10.2006г. Решение Хокима №1182 от 28.12.2017г. | Q13: =H13*1000 -> 1150000
C14: Лот жами: | E14: =E13 -> 1 | H14: =SUM(H2:H13) -> 11372 | I14: =SUM(I2:I13) -> 8814.5 | J14: =SUM(J2:J13) -> -1419 | K14: =SUM(K2:K13) -> 4014 | L14: =SUM(L2:L13) -> 1765.59 | Q14: =SUM(Q2:Q13) -> 7332800 | R14: 136 | S14: =Q14/R14 -> 53917.647 | T14: 100000 | U14: =R14*T14 -> 13600000
T15: 70000 | U15: =R15*T15 -> 0
A16: 13 | B16: 115 | C16: ACHILOV ABDUAZIZ ABDURAXMANOVICH | D16: 10:01:06:01:02:5066 | E16: 2 | F16: Богистон | G16: 88 | H16: 600 | I16: 617 | J16: =I16-H16 -> 17 | K16: 366 | L16: 209.7 | M16: Олди-сотди шартномаси 1195 11/04/01 | N16: =I16*P16/100 -> 308500 | O16: =K16*300 -> 109800 | P16: 50000 | Q16: =N16+O16 -> 418300 | T16: 70000 | U16: =R16*T16 -> 0
A17: 14 | B17: 116 | C17: XAMDAMOV ATXAM XXX | D17: 10:01:06:01:02:5118 | E17: 2 | F17: Богистон, проезд 1 | G17: 90а | H17: 600 | I17: 608 | J17: =I17-H17 -> 8 | K17: 280 | L17: 108.02 | M17: Курилиш шартномаси №1561 р-р 25-603 27/08/95 | N17: =I17*P17/100 -> 304000 | O17: =K17*300 -> 84000 | P17: 50000 | Q17: =N17+O17 -> 388000 | T17: 70000 | U17: =R17*T17 -> 0
A18: 15 | B18: 117 | C18: AZIMOV KAMILJON SATTAROVICH | D18: 10:01:06:01:02:5146 | E18: 2 | F18: Богистон | G18: 92 | H18: 830 | I18: 830 | J18: =I18-H18 -> 0 | K18: 359 | L18: 298.2 | M18: қарори 612 05/10/18 | N18: =I18*P18/100 -> 415000 | O18: =K18*300 -> 107700 | P18: 50000 | Q18: =N18+O18 -> 522700 | T18: 70000 | U18: =R18*T18 -> 0
A19: 16 | B19: 118 | C19: UMAROVA MASHKURA USMANOVNA | D19: 10:01:06:02:02:5155 | E19: 2 | F19: Х Турсункулов | G19: 98 | H19: 600 | I19: 600 | J19: =I19-H19 -> 0 | K19: 217 | L19: 148.38 | M19: Олди-сотди шартномаси 2-15 06/01/95 | N19: =I19*P19/100 -> 300000 | O19: =K19*300 -> 65100 | P19: 50000 | Q19: =N19+O19 -> 365100 | T19: 70000 | U19: =R19*T19 -> 0
A20: 17 | B20: 119 | C20: UMAROV BAXTIYAR UKTAMOVICH | D20: 10:01:06:02:02:5212 | E20: 2 | F20: Богистон | G20: 99 | H20: 600 | I20: 600 | J20: =I20-H20 -> 0 | K20: 365 | L20: 279.5 | M20: Ҳадя шартномаси 15-1063 16/12/98 | N20: =I20*P20/100 -> 300000 | O20: =K20*300 -> 109500 | P20: 50000 | Q20: =N20+O20 -> 409500 | T20: 70000 | U20: =R20*T20 -> 0
A21: 18 | B21: 120 | C21: UMAROV BAXODIR UKTAMOVICH | D21: 10:01:06:02:02:5156 | E21: 2 | F21: Богистон | G21: 98 | H21: 600 | I21: 600 | J21: =I21-H21 -> 0 | K21: 249 | L21: 105.8 | M21: Курилиш шартномаси 1350 р-р2-1736 08/04/92 | N21: =I21*P21/100 -> 300000 | O21: =K21*300 -> 74700 | P21: 50000 | Q21: =N21+O21 -> 374700 | T21: 70000 | U21: =R21*T21 -> 0
A22: 19 | B22: 121 | C22: UMAROV RUSTAM UKTAMOVICH | D22: 10:01:06:01:02:5116 | E22: 2 | F22: Богистон | G22: 100 | H22: 600 | I22: 600 | J22: =I22-H22 -> 0 | K22: 349 | L22: 166.26 | M22: Тошкент шаҳар ҳокимининг қарори 380/11 15/10/91 | N22: =I22*P22/100 -> 300000 | O22: =K22*300 -> 104700 | P22: 50000 | Q22: =N22+O22 -> 404700 | T22: 70000 | U22: =R22*T22 -> 0
A23: 20 | B23: 122 | C23: UMAROV ULUGBEK UKTAMOVICH | D23: 10:01:06:01:02:5158 | E23: 2 | F23: Богистон | G23: 94 | H23: 566 | I23: 566 | J23: =I23-H23 -> 0 | K23: 245 | L23: 148.9 | M23: қарори 2262 02/08/19 | N23: =I23*P23/100 -> 283000 | O23: =K23*300 -> 73500 | P23: 50000 | Q23: =N23+O23 -> 356500 | T23: 70000 | U23: =R23*T23 -> 0
C24: Лот жами: | E24: =E23 -> 2 | H24: =SUM(H16:H23) -> 4996 | I24: =SUM(I16:I23) -> 5021 | J24: =SUM(J16:J23) -> 25 | K24: =SUM(K16:K23) -> 2430 | L24: =SUM(L16:L23) -> 1464.76 | Q24: =SUM(Q16:Q23) -> 3239500 | R24: 50 | S24: =Q24/R24 -> 64790 | T24: 70000 | U24: =R24*T24 -> 3500000
T25: 70000 | U25: =R25*T25 -> 0
A26: 21 | B26: 42 | C26: XAMDAMOV ALIDJAN ANVAROVICH | D26: 10:01:06:01:02:5152 | E26: 3 | F26: Богистон | G26: 72 | H26: 725 | I26: 725 | J26: =I26-H26 -> 0 | K26: 315 | L26: 65.34 | M26: қарори 1415 10/05/19 | N26: =I26*P26/100 -> 362500 | O26: =K26*300 -> 94500 | P26: 50000 | Q26: =N26+O26 -> 457000 | T26: 70000 | U26: =R26*T26 -> 0
A27: 22 | B27: 43 | C27: ABDURASULOV FAXRIDDIN ABDUSAMATOVICH | D27: 10:01:06:01:02:5155 | E27: 3 | F27: Богистон | G27: 72а | H27: 217 | I27: 217 | J27: =I27-H27 -> 0 | K27: 150 | L27: 47.14 | M27: қарори 2388 02/08/19 | N27: =I27*P27/100 -> 108500 | O27: =K27*300 -> 45000 | P27: 50000 | Q27: =N27+O27 -> 153500 | T27: 70000 | U27: =R27*T27 -> 0
A28: 23 | B28: 109 | C28: AZIMOV DILSHOD SHUKUROVICH | D28: 10:01:06:01:02:5062 | E28: 3 | F28: Богистон | G28: 76 | H28: 600 | I28: 600 | J28: =I28-H28 -> 0 | K28: 102 | L28: 38.48 | M28: О/С шарт.Р-р8-3719.2 | N28: =I28*P28/100 -> 300000 | O28: =K28*300 -> 30600 | P28: 50000 | Q28: =N28+O28 -> 330600 | T28: 70000 | U28: =R28*T28 -> 0
A29: 24 | B29: 110 | C29: ABDULLAYEVA MAXMUDA GAPPAROVNA | D29: 10:01:06:01:02:5067 | E29: 3 | F29: Богистон | G29: 91 | H29: 588 | I29: 588 | J29: =I29-H29 -> 0 | K29: 301 | L29: 175.9 | M29: Олди-сотди шартномаси 12-1595 23/04/92 | N29: =I29*P29/100 -> 294000 | O29: =K29*300 -> 90300 | P29: 50000 | Q29: =N29+O29 -> 384300 | T29: 70000 | U29: =R29*T29 -> 0
A30: 25 | B30: 111 | C30: Умаров Алишер Уктамович | D30: 10:01:06:02:02:5150 | E30: 3 | F30: Х Турсункулов | G30: 90 | H30: 600 | I30: 651 | J30: =I30-H30 -> 51 | K30: 290 | L30: 137.7 | M30: Курилиш шартномаси 1352 р2-1733 14/04/92 | N30: =I30*P30/100 -> 325500 | O30: =K30*300 -> 87000 | P30: 50000 | Q30: =N30+O30 -> 412500 | T30: 70000 | U30: =R30*T30 -> 0
A31: 26 | B31: 112 | C31: GULAMOV MAXAMADRASUL MAXAMADJANOVICH | D31: 10:01:06:01:02:5065 | E31: 3 | F31: Богистон | G31: 86а | H31: 600 | I31: 600 | J31: =I31-H31 -> 0 | K31: 129 | L31: 62.85 | M31: О/С шарт.Р-р1-14523 28/07/05 | N31: =I31*P31/100 -> 300000 | O31: =K31*300 -> 38700 | P31: 50000 | Q31: =N31+O31 -> 338700 | T31: 70000 | U31: =R31*T31 -> 0
A32: 27 | B32: 113 | C32: XAMDAMOV SHOVKAT ANVAROVICH | D32: 10:01:06:01:02:5104 | E32: 3 | F32: Богистон | G32: 86 | H32: 383 | I32: 383 | J32: =I32-H32 -> 0 | K32: 167 | L32: 62.86 | M32: қарори 1988 24/07/19 | N32: =I32*P32/100 -> 191500 | O32: =K32*300 -> 50100 | P32: 50000 | Q32: =N32+O32 -> 241600 | T32: 70000 | U32: =R32*T32 -> 0
A33: 28 | B33: 114 | C33: XAMDAMOV SHUXRAT SHOVKATOVICH | D33: 10:01:06:01:02:5125 | E33: 3 | F33: Богистон | G33: 86б | H33: 600 | I33: 595 | J33: =I33-H33 -> -5 | K33: 291 | L33: 54 | M33: Олди-сотди шартномаси 1-641 16/02/15 | N33: =I33*P33/100 -> 297500 | O33: =K33*300 -> 87300 | P33: 50000 | Q33: =N33+O33 -> 384800 | T33: 70000 | U33: =R33*T33 -> 0
C34: Лот жами: | E34: =E33 -> 3 | H34: =SUM(H26:H33) -> 4313 | I34: =SUM(I26:I33) -> 4359 | J34: =SUM(J26:J33) -> 46 | K34: =SUM(K26:K33) -> 1745 | L34: =SUM(L26:L33) -> 644.27 | Q34: =SUM(Q26:Q33) -> 2703000 | R34: 47 | S34: =Q34/R34 -> 57510.638 | T34: 70000 | U34: =R34*T34 -> 3290000
T35: 70000 | U35: =R35*T35 -> 0
A36: 29 | B36: 25 | C36: BAKIYEV ALIM SABITOVICH | D36: 10:01:06:01:02:5038 | E36: 4 | F36: Богистон | G36: 41 | H36: 600 | I36: 600 | J36: =I36-H36 -> 0 | K36: 298 | L36: 83.78 | M36: Ш.Хоким карори N18 0 | N36: =I36*P36/100 -> 300000 | O36: =K36*300 -> 89400 | P36: 50000 | Q36: =N36+O36 -> 389400 | T36: 70000 | U36: =R36*T36 -> 0
A37: 30 | B37: 27 | C37: AXMEDOV SHERZOD ERGASHBAYEVICH | D37: 10:01:06:01:02:5056 | E37: 4 | F37: Богистон | G37: 64 | H37: 1290 | I37: 1290 | J37: =I37-H37 -> 0 | K37: 628 | L37: 223.55 | M37: Олди-сотди шартномаси 2-5098 06/11/07 | N37: =I37*P37/100 -> 645000 | O37: =K37*300 -> 188400 | P37: 50000 | Q37: =N37+O37 -> 833400 | T37: 70000 | U37: =R37*T37 -> 0
A38: 31 | B38: 30 | C38: MAMAJONOV XASAN IKROMOVICH | D38: 10:01:07:01:01:5472 | E38: 4 | F38: Богистон | G38: 14а | H38: 1100 | I38: 700 | J38: =I38-H38 -> -400 | K38: 83.01 | L38: 83.01 | M38: Олди-сотди шартномаси 2,02102E+14 30/11/21 | N38: =I38*P38/100 -> 350000 | O38: =K38*300 -> 24903 | P38: 50000 | Q38: =N38+O38 -> 374903 | T38: 70000 | U38: =R38*T38 -> 0
A39: 32 | B39: 31 | C39: AZIMOV JAXONGIR ZAXIDOVICH | D39: 10:01:07:01:01:5141 | E39: 4 | F39: Богистон | G39: 14 | H39: 1100 | I39: 700 | J39: =I39-H39 -> -400 | K39: 254 | L39: 31.98 | M39: Қонун бўйича ворислик ҳақида гувоҳнома 30-1706 27/12/06 | N39: =I39*P39/100 -> 350000 | O39: =K39*300 -> 76200 | P39: 50000 | Q39: =N39+O39 -> 426200 | T39: 70000 | U39: =R39*T39 -> 0
A40: 33 | B40: 33 | C40: AZIMOV SATTAR XXX | D40: 10:01:06:01:02:5014 | E40: 4 | F40: Богистон | G40: 18 | H40: 945 | I40: 945 | J40: =I40-H40 -> 0 | K40: 427 | L40: 172.53 | M40: фармойиши 255 р-р 02/06/92 | N40: =I40*P40/100 -> 472500 | O40: =K40*300 -> 128100 | P40: 50000 | Q40: =N40+O40 -> 600600 | T40: 70000 | U40: =R40*T40 -> 0
A41: 34 | B41: 34 | C41: AZIMOV SHUXRAT GAPPAROVICH | D41: 10:01:06:01:02:5048 | E41: 4 | F41: Богистон | G41: 54 | H41: 759 | I41: 759 | J41: =I41-H41 -> 0 | K41: 393 | L41: 231.38 | M41: Ҳадя шартномаси Р-р1-629 12/01/05 | N41: =I41*P41/100 -> 379500 | O41: =K41*300 -> 117900 | P41: 50000 | Q41: =N41+O41 -> 497400 | T41: 70000 | U41: =R41*T41 -> 0
A42: 35 | B42: 35 | C42: XODJAYEV FAZLITDIN ZAYNITDINOVICH | D42: 10:01:06:01:02:5015 | E42: 4 | F42: Богистон | G42: 52 | H42: 380 | I42: 380 | J42: =I42-H42 -> 0 | K42: 312 | L42: 62.81 | M42: Олди-сотди шартномаси 2,02202E+14 30/03/22 | N42: =I42*P42/100 -> 190000 | O42: =K42*300 -> 93600 | P42: 50000 | Q42: =N42+O42 -> 283600 | T42: 70000 | U42: =R42*T42 -> 0
A43: 36 | B43: 36 | C43: AKBAROVA MIXAYYO XXX | D43: 10:01:06:01:02:5006 | E43: 4 | F43: Богистон | G43: 70 | H43: 1140 | I43: 1700 | J43: =I43-H43 -> 560 | K43: 862 | L43: 382.5 | M43: Қонун бўйича ворислик ҳақида гувоҳнома 38-804 28/06/10 | N43: =I43*P43/100 -> 850000 | O43: =K43*300 -> 258600 | P43: 50000 | Q43: =N43+O43 -> 1108600 | T43: 70000 | U43: =R43*T43 -> 0
A44: 37 | B44: 37 | C44: XAMDAMOV AKMAL ATXAMOVICH | D44: 10:01:06:01:02:5007 | E44: 4 | F44: Богистон | G44: 12 | H44: 700 | I44: 700 | J44: =I44-H44 -> 0 | K44: 269 | L44: 78.99 | M44: Қонун бўйича ворислик ҳақида гувоҳнома 2,019E+14 12/10/19 | N44: =I44*P44/100 -> 350000 | O44: =K44*300 -> 80700 | P44: 50000 | Q44: =N44+O44 -> 430700 | T44: 70000 | U44: =R44*T44 -> 0
A45: 38 | B45: 38 | C45: AZIMOV BAXODIR SHUKUROVICH | D45: 10:01:06:01:02:5057 | E45: 4 | F45: Богистон | G45: 68 | H45: 593 | I45: 593 | J45: =I45-H45 -> 0 | K45: 354 | L45: 158.98 | M45: қарори 314/26 26/12/91 | N45: =I45*P45/100 -> 296500 | O45: =K45*300 -> 106200 | P45: 50000 | Q45: =N45+O45 -> 402700 | T45: 70000 | U45: =R45*T45 -> 0
A46: 39 | B46: 39 | C46: AZIMOV SHUXRAT SHUKUROVICH | D46: 10:01:06:01:02:5012/01 | E46: 4 | F46: Богистон | G46: 46а | H46: 772 | I46: 772 | J46: =I46-H46 -> 0 | K46: 285 | L46: 96.15 | M46: Қонун бўйича ворислик ҳақида гувоҳнома 2-2477 25/09/16 | N46: =I46*P46/100 -> 386000 | O46: =K46*300 -> 85500 | P46: 50000 | Q46: =N46+O46 -> 471500 | T46: 70000 | U46: =R46*T46 -> 0
A47: 40 | B47: 40 | C47: YAKUBOVA MA’FURA SHUKUROVNA | D47: 10:01:06:01:02:5011 | E47: 4 | F47: Богистон | G47: 48 | H47: 500 | I47: 573 | J47: =I47-H47 -> 73 | K47: 261 | L47: 121.69 | M47: қарори 11-3/2 23/01/92 | N47: =I47*P47/100 -> 286500 | O47: =K47*300 -> 78300 | P47: 50000 | Q47: =N47+O47 -> 364800 | T47: 70000 | U47: =R47*T47 -> 0
A48: 41 | B48: 41 | C48: AZIMOV RAXMAT SHUKUROVICH | D48: 10:01:06:01:02:5012 | E48: 4 | F48: Богистон | G48: 46 | H48: 723 | I48: 723 | J48: =I48-H48 -> 0 | K48: 340 | L48: 63.2 | M48: Қонун бўйича ворислик ҳақида гувоҳнома 2-2477 25/09/16 | N48: =I48*P48/100 -> 433800 | O48: =K48*300 -> 102000 | P48: 60000 | Q48: =N48+O48 -> 535800 | T48: 70000 | U48: =R48*T48 -> 0
A49: 42 | B49: 44 | C49: XODJAYEVA MAYSURA RAXMATOVNA | D49: 10:01:06:01:02:5033 | E49: 4 | F49: Богистон | G49: 39 | H49: 600 | I49: 658 | J49: =I49-H49 -> 58 | K49: 271 | L49: 92.01 | M49: Қонун бўйича ворислик ҳақида гувоҳнома 2,02102E+14 07/12/21 | N49: =I49*P49/100 -> 329000 | O49: =K49*300 -> 81300 | P49: 50000 | Q49: =N49+O49 -> 410300 | T49: 70000 | U49: =R49*T49 -> 0
A50: 43 | B50: 45 | C50: MURATOV KARIM TURAYEVICH | D50: 10:01:06:01:02:5022/01 | E50: 4 | F50: Богистон | G50: 35а | H50: 1290 | I50: 414 | K50: 230 | L50: 25.47 | M50: Ҳадя шартномаси 2-3060 03/11/18 | N50: =I50*P50/100 -> 207000 | O50: =K50*300 -> 69000 | P50: 50000 | Q50: =N50+O50 -> 276000 | T50: 70000 | U50: =R50*T50 -> 0
A51: 44 | B51: 46 | C51: MURATOV KOMILJON TURAYEVICH | D51: 10:01:06:01:02:5022 | E51: 4 | F51: Богистон | G51: 35 | H51: 1290 | I51: 876 | K51: 228 | L51: 84.42 | M51: Ҳадя шартномаси 2-3060 03/11/18 | N51: =I51*P51/100 -> 438000 | O51: =K51*300 -> 68400 | P51: 50000 | Q51: =N51+O51 -> 506400 | T51: 70000 | U51: =R51*T51 -> 0
A52: 45 | B52: 47 | C52: MURATOVA ASALAT GULAMKADIROVNA | D52: 10:01:06:02:02:5198 | E52: 4 | F52: Богистон | G52: 37 | H52: 634 | I52: 634 | J52: =I52-H52 -> 0 | K52: 353 | L52: 151.59 | M52: Олди-сотди шартномаси 7831 20/12/03 | N52: =I52*P52/100 -> 317000 | O52: =K52*300 -> 105900 | P52: 50000 | Q52: =N52+O52 -> 422900 | T52: 70000 | U52: =R52*T52 -> 0
A53: 46 | B53: 48 | C53: USMANBEKOVA MUKADDAS PULATOVNA | D53: 10:01:06:01:02:5099 | E53: 4 | F53: Богистон | G53: 27а | H53: 1116 | I53: 1071 | J53: =I53-H53 -> -45 | K53: 790 | L53: 284.8 | M53: Ҳадя шартномаси 2,02102E+14 18/10/21 | N53: =I53*P53/100 -> 642600 | O53: =K53*300 -> 237000 | P53: 60000 | Q53: =N53+O53 -> 879600 | T53: 70000 | U53: =R53*T53 -> 0
A54: 47 | B54: 49 | C54: NASRITDINOV ZIYOVIDDIN XAYRITDINOVICH | D54: 10:01:06:01:02:5098 | E54: 4 | F54: Богистон | G54: 23а | H54: 1000 | I54: 886 | J54: =I54-H54 -> -114 | K54: 576 | L54: 194.04 | M54: Олди-сотди шартномаси 2,02102E+14 03/07/21 | N54: =I54*P54/100 -> 443000 | O54: =K54*300 -> 172800 | P54: 50000 | Q54: =N54+O54 -> 615800 | T54: 70000 | U54: =R54*T54 -> 0
C55: Лот жами: | E55: =E54 -> 4 | H55: =SUM(H36:H54) -> 16532 | I55: =SUM(I36:I54) -> 14974 | J55: =SUM(J36:J54) -> -268 | K55: =SUM(K36:K54) -> 7214.01 | L55: =SUM(L36:L54) -> 2622.88 | Q55: =SUM(Q36:Q54) -> 9830603 | R55: 130 | S55: =Q55/R55 -> 75620.023 | T55: 70000 | U55: =R55*T55 -> 9100000
T56: 70000 | U56: =R56*T56 -> 0
A57: 48 | B57: 21 | C57: ZUPAROV RUSTAM VAXITOVICH | D57: 10:01:06:01:02:5042 | E57: 5 | F57: Богистон | G57: 49 | H57: 621 | I57: 621 | J57: =I57-H57 -> 0 | K57: 424 | L57: 165.41 | M57: қарори 20/08/98 | N57: =I57*P57/100 -> 310500 | O57: =K57*300 -> 127200 | P57: 50000 | Q57: =N57+O57 -> 437700 | T57: 70000 | U57: =R57*T57 -> 0
A58: 49 | B58: 24 | C58: AXMEDOV ASKAR AKBAROVICH | D58: 10:01:06:01:02:5058 | E58: 5 | F58: Богистон | G58: 45 | H58: 1159 | I58: 1159 | J58: =I58-H58 -> 0 | K58: 147 | L58: 88 | M58: Ш.Хоким карори N935. | N58: =I58*P58/100 -> 579500 | O58: =K58*300 -> 44100 | P58: 50000 | Q58: =N58+O58 -> 623600 | T58: 70000 | U58: =R58*T58 -> 0
A59: 50 | B59: 26 | C59: UMAROV KADIR UKTAMOVICH | D59: 10:01:06:01:02:5016 | E59: 5 | F59: Богистон | G59: 66 | H59: 970 | I59: 1203 | J59: =I59-H59 -> 233 | K59: 330 | L59: 195.23 | M59: қарори 11-3/2 23/01/92 | N59: =I59*P59/100 -> 601500 | O59: =K59*300 -> 99000 | P59: 50000 | Q59: =N59+O59 -> 700500 | T59: 70000 | U59: =R59*T59 -> 0
A60: 51 | B60: 28 | C60: UMAROVA DILDORA GULYAMNAZAROVNA | D60: 10:01:06:01:02:5149 | E60: 5 | F60: Богистон | G60: 66а | H60: 644 | I60: 644 | J60: =I60-H60 -> 0 | K60: 213 | L60: 70.74 | M60: қарори 1019 28/12/18 | N60: =I60*P60/100 -> 322000 | O60: =K60*300 -> 63900 | P60: 50000 | Q60: =N60+O60 -> 385900 | T60: 70000 | U60: =R60*T60 -> 0
A61: 52 | B61: 29 | C61: UMAROV ABDUSAID UKTAMOVICH | D61: 10:01:06:01:02:5054 | E61: 5 | F61: Богистон | G61: 60а | H61: 538 | I61: 538 | J61: =I61-H61 -> 0 | K61: 327 | L61: 123.76 | M61: Қонун бўйича меросга бўлган ҳуқуқ ҳақида гувоҳнома 2,02E+14 11/03/20 | N61: =I61*P61/100 -> 269000 | O61: =K61*300 -> 98100 | P61: 50000 | Q61: =N61+O61 -> 367100 | T61: 70000 | U61: =R61*T61 -> 0
A62: 53 | B62: 32 | C62: UMAROV ABDURASUL UKTAMOVICH | D62: 10:01:06:01:02:5063 | E62: 5 | F62: Богистон | G62: 60 | H62: 1299 | I62: =H62 -> 1299 | J62: =I62-H62 -> 0 | K62: 475 | L62: 169.5 | M62: Қонун бўйича меросга бўлган ҳуқуқ ҳақида гувоҳнома 2,02E+14 11/03/20 | N62: =I62*P62/100 -> 649500 | O62: =K62*300 -> 142500 | P62: 50000 | Q62: =N62+O62 -> 792000 | T62: 70000 | U62: =R62*T62 -> 0
C63: Лот жами: | E63: =E62 -> 5 | H63: =SUM(H57:H62) -> 5231 | I63: =SUM(I57:I62) -> 5464 | J63: =SUM(J57:J62) -> 233 | K63: =SUM(K57:K62) -> 1916 | L63: =SUM(L57:L62) -> 812.64 | Q63: =SUM(Q57:Q62) -> 3306800 | R63: 38 | S63: =Q63/R63 -> 87021.053 | T63: 70000 | U63: =R63*T63 -> 2660000
T64: 70000 | U64: =R64*T64 -> 0
A65: 54 | B65: 3 | C65: XAMEDOV ZAFAR IRGASHEVICH | D65: 10:01:06:01:02:5150 | E65: 6 | F65: Богистон | G65: 75а | H65: 487 | I65: 487 | J65: =I65-H65 -> 0 | K65: 220 | L65: 36.4 | M65: қарори 327 29/11/18 | N65: =I65*P65/100 -> 243500 | O65: =K65*300 -> 66000 | P65: 50000 | Q65: =N65+O65 -> 309500 | T65: 70000 | U65: =R65*T65 -> 0
A66: 55 | B66: 23 | C66: ISMAILOV JAMSHID DJALALOVICH | D66: 10:01:06:01:02:5159 | E66: 6 | F66: Богистон | G66: 51а | H66: 344 | I66: 344 | J66: =I66-H66 -> 0 | K66: 216 | L66: 29.47 | M66: қарори 421 22/06/18 | N66: =I66*P66/100 -> 172000 | O66: =K66*300 -> 64800 | P66: 50000 | Q66: =N66+O66 -> 236800 | T66: 70000 | U66: =R66*T66 -> 0
C67: Лот жами: | E67: =E66 -> 6 | H67: =SUM(H65:H66) -> 831 | I67: =SUM(I65:I66) -> 831 | J67: =SUM(J65:J66) -> 0 | K67: =SUM(K65:K66) -> 436 | L67: =SUM(L65:L66) -> 65.87 | Q67: =SUM(Q65:Q66) -> 546300 | R67: 100 | S67: =Q67/R67 -> 5463 | T67: 70000 | U67: =R67*T67 -> 7000000
T68: 70000 | U68: =R68*T68 -> 0
A69: 56 | B69: 11 | C69: XAMEDOV ZAFAR IRGASHEVICH | D69: 10:01:06:01:02:5061 | E69: 7 | F69: Богистон | G69: 75 | H69: 888 | I69: 888 | J69: =I69-H69 -> 0 | K69: 504 | L69: 228.01 | M69: қарори 79 сонли 26/02/10 | N69: =I69*P69/100 -> 444000 | O69: =K69*300 -> 151200 | P69: 50000 | Q69: =N69+O69 -> 595200 | T69: 70000 | U69: =R69*T69 -> 0
A70: 57 | B70: 12 | C70: KUSHAKOV ARTIK AXMADJANOVICH | D70: 10:01:06:01:02:5051 | E70: 7 | F70: Богистон | G70: 59 | H70: 600 | I70: 600 | J70: =I70-H70 -> 0 | K70: 244 | L70: 82.69 | M70: Олди-сотди шартномаси 1-299 10/01/00 | N70: =I70*P70/100 -> 300000 | O70: =K70*300 -> 73200 | P70: 50000 | Q70: =N70+O70 -> 373200 | T70: 70000 | U70: =R70*T70 -> 0
A71: 58 | B71: 13 | C71: AXUNDJANOVA NILUFAR MAXMUDJANOVNA | D71: 10:01:06:01:02:5128 | E71: 7 | F71: Богистон | G71: 77 | H71: 645 | I71: 645 | J71: =I71-H71 -> 0 | K71: 218 | L71: 60.36 | M71: Олди-сотди шартномаси 2,02202E+14 04/10/22 | N71: =I71*P71/100 -> 322500 | O71: =K71*300 -> 65400 | P71: 50000 | Q71: =N71+O71 -> 387900 | T71: 70000 | U71: =R71*T71 -> 0
A72: 59 | B72: 14 | C72: UMAROV ABDURASHID UKTAMOVICH | D72: 10:01:06:01:02:5049 | E72: 7 | F72: Богистон | G72: 57 | H72: 575 | I72: 575 | J72: =I72-H72 -> 0 | K72: 302 | L72: 115.79 | M72: Ҳадя шартномаси 1990 01/04/00 | N72: =I72*P72/100 -> 287500 | O72: =K72*300 -> 90600 | P72: 50000 | Q72: =N72+O72 -> 378100 | T72: 70000 | U72: =R72*T72 -> 0
A73: 60 | B73: 15 | C73: UMAROV MUMIN UKTAMOVICH | D73: 10:01:06:01:02:5134 | E73: 7 | F73: Богистон | G73: 55 | H73: 628 | I73: 628 | J73: =I73-H73 -> 0 | K73: 442 | L73: 74.77 | M73: қарори 612 05/10/18 | N73: =I73*P73/100 -> 314000 | O73: =K73*300 -> 132600 | P73: 50000 | Q73: =N73+O73 -> 446600 | T73: 70000 | U73: =R73*T73 -> 0
A74: 61 | B74: 16 | C74: ILXAMOV IKRAM XXX | D74: 10:01:06:01:02:5147 | E74: 7 | F74: Богистон | G74: 79 | H74: 600 | I74: 534 | J74: =I74-H74 -> -66 | K74: 254 | L74: 100.3 | M74: қарори 380/11 15/10/91 | N74: =I74*P74/100 -> 267000 | O74: =K74*300 -> 76200 | P74: 50000 | Q74: =N74+O74 -> 343200 | T74: 70000 | U74: =R74*T74 -> 0
A75: 62 | B75: 17 | C75: MUSAYEV RIXSIBAY XODJIAKBAROVICH | D75: 10:01:06:01:02:5083 | E75: 7 | F75: Богистон, туп 5 | G75: 51 | H75: 600 | I75: 611 | J75: =I75-H75 -> 11 | K75: 452 | L75: 190.55 | M75: Учтепа тумани ҳокимининг қарори 1179 10/08/99 | N75: =I75*P75/100 -> 305500 | O75: =K75*300 -> 135600 | P75: 50000 | Q75: =N75+O75 -> 441100 | T75: 70000 | U75: =R75*T75 -> 0
A76: 63 | B76: 18 | C76: KAMILOV ANVAR AZIMOVICH | D76: 10:01:06:01:02:5047 | E76: 7 | F76: Богистон | G76: 53 | H76: 600 | I76: 600 | J76: =I76-H76 -> 0 | K76: 395 | L76: 167.02 | M76: Учтепа тумани ҳокимининг қарори 273 01/06/09 | N76: =I76*P76/100 -> 300000 | O76: =K76*300 -> 118500 | P76: 50000 | Q76: =N76+O76 -> 418500 | T76: 70000 | U76: =R76*T76 -> 0
A77: 64 | B77: 19 | C77: ISMAILOVA MAMURA RIXSIYEVNA | D77: 10:01:06:01:02:5105 | E77: 7 | F77: Богистон | G77: 51 | H77: 600 | I77: 600 | J77: =I77-H77 -> 0 | K77: 232 | L77: 91.51 | M77: Курилиш шартномаси 1357 р-12-1762 28/04/92 | N77: =I77*P77/100 -> 300000 | O77: =K77*300 -> 69600 | P77: 50000 | Q77: =N77+O77 -> 369600 | T77: 70000 | U77: =R77*T77 -> 0
A78: 65 | B78: 20 | C78: USMANOVA MUKARRAM RAXMATOVNA | D78: 10:01:06:01:02:5064 | E78: 7 | F78: Богистон, туп 5 | G78: 83 | H78: 600 | I78: 600 | J78: =I78-H78 -> 0 | K78: 360 | L78: 138.27 | M78: қарори 1025 30/04/19 | N78: =I78*P78/100 -> 300000 | O78: =K78*300 -> 108000 | P78: 50000 | Q78: =N78+O78 -> 408000 | T78: 70000 | U78: =R78*T78 -> 0
C79: Лот жами: | E79: =E78 -> 7 | H79: =SUM(H69:H78) -> 6336 | I79: =SUM(I69:I78) -> 6281 | J79: =SUM(J69:J78) -> -55 | K79: =SUM(K69:K78) -> 3403 | L79: =SUM(L69:L78) -> 1249.27 | Q79: =SUM(Q69:Q78) -> 4161400 | R79: 46 | S79: =Q79/R79 -> 90465.217 | T79: 70000 | U79: =R79*T79 -> 3220000
T80: 70000 | U80: =R80*T80 -> 0
A81: 66 | B81: 22 | C81: RAXIMOV ALISHER XABIBULLAYEVICH | D81: 10:01:06:01:02:5114 | E81: 8 | F81: Богистон | G81: 43 | H81: 552 | I81: 552 | J81: =I81-H81 -> 0 | K81: 237 | L81: 148.84 | M81: Қонун бўйича ворислик ҳақида гувоҳнома 2,02202E+14 21/10/22 | N81: =I81*P81/100 -> 276000 | O81: =K81*300 -> 71100 | P81: 50000 | Q81: =N81+O81 -> 347100 | T81: 70000 | U81: =R81*T81 -> 0
A82: 67 | B82: 50 | C82: BAKIYEV SADIQ VASIKOVICH | D82: 10:01:06:01:02:5023 | E82: 8 | F82: Богистон | G82: 24 | H82: 684 | I82: 400 | J82: =I82-H82 -> -284 | K82: 222 | L82: 88.78 | M82: Қонун бўйича меросга бўлган ҳуқуқ ҳақида гувоҳнома 2472 29/05/18 | N82: =I82*P82/100 -> 200000 | O82: =K82*300 -> 66600 | P82: 50000 | Q82: =N82+O82 -> 266600 | T82: 70000 | U82: =R82*T82 -> 0
A83: 68 | B83: 51 | C83: USMANOVA MUKARRAM RAXMATOVNA | D83: 10:01:06:01:02:5082 | E83: 8 | F83: Богистон | G83: 33 | H83: 597 | I83: 597 | J83: =I83-H83 -> 0 | K83: 448 | L83: 115.03 | M83: Ҳадя шартномаси 1-5075 06/09/12 | N83: =I83*P83/100 -> 298500 | O83: =K83*300 -> 134400 | P83: 50000 | Q83: =N83+O83 -> 432900 | T83: 70000 | U83: =R83*T83 -> 0
A84: 69 | B84: 52 | C84: RAXIMOV AXMAD MAXMUTOVICH | D84: 10:01:06:01:02:5021 | E84: 8 | F84: Богистон, туп. 3 | G84: 31 | H84: 983 | I84: 843 | J84: =I84-H84 -> -140 | K84: 317 | L84: 103 | M84: Васиятнома бўйича меросга бўлган ҳуқуқ ҳақидаги гувоҳномаси 1-281 08/02/17 | N84: =I84*P84/100 -> 421500 | O84: =K84*300 -> 95100 | P84: 50000 | Q84: =N84+O84 -> 516600 | T84: 70000 | U84: =R84*T84 -> 0
A85: 70 | B85: 53 | C85: YAKUBDJANOVA OZODAGUL DJARKINOVNA | D85: 10:01:06:01:02:5117 | E85: 8 | F85: Богистон, туп 5 | G85: 85 | H85: 600 | I85: 600 | J85: =I85-H85 -> 0 | K85: 203 | L85: 82.94 | M85: Олди-сотди шартномаси р-р№ 2-231 24/01/13 | N85: =I85*P85/100 -> 300000 | O85: =K85*300 -> 60900 | P85: 50000 | Q85: =N85+O85 -> 360900 | T85: 70000 | U85: =R85*T85 -> 0
A86: 71 | B86: 54 | C86: BAKIYEV OMON SABITOVICH | D86: 10:01:06:01:02:5143 | E86: 8 | F86: Богистон | G86: 29а | H86: 606 | I86: 606 | J86: =I86-H86 -> 0 | K86: 385 | L86: 167 | M86: Ҳадя шартномаси 2-3210 10/12/17 | N86: =I86*P86/100 -> 303000 | O86: =K86*300 -> 115500 | P86: 50000 | Q86: =N86+O86 -> 418500 | T86: 70000 | U86: =R86*T86 -> 0
A87: 72 | B87: 55 | C87: BAKIYEV ARIP SABITOVICH | D87: 10:01:06:01:02:5027 | E87: 8 | F87: Богистон | G87: 29 | H87: 546 | I87: 546 | J87: =I87-H87 -> 0 | K87: 289 | L87: 152.12 | M87: Ҳадя шартномаси 2-3210 10/12/17 | N87: =I87*P87/100 -> 273000 | O87: =K87*300 -> 86700 | P87: 50000 | Q87: =N87+O87 -> 359700 | T87: 70000 | U87: =R87*T87 -> 0
A88: 73 | B88: 56 | C88: USMANBEKOV YUSUP BAXRAMOVICH | D88: 10:01:06:01:02:5025 | E88: 8 | F88: Богистон | G88: 27 | H88: 600 | I88: 600 | J88: =I88-H88 -> 0 | K88: 273 | L88: 187.94 | M88: Олди-сотди шартномаси 1061 08/04/05 | N88: =I88*P88/100 -> 300000 | O88: =K88*300 -> 81900 | P88: 50000 | Q88: =N88+O88 -> 381900 | T88: 70000 | U88: =R88*T88 -> 0
A89: 74 | B89: 57 | C89: KARIMOVA SHAXIDA DALIYEVNA | D89: 10:01:06:01:02:5142 | E89: 8 | F89: Богистон | G89: 87 | H89: 895 | I89: 895 | J89: =I89-H89 -> 0 | K89: 278 | L89: 56.37 | M89: қарори 1185 29/12/17 | N89: =I89*P89/100 -> 447500 | O89: =K89*300 -> 83400 | P89: 50000 | Q89: =N89+O89 -> 530900 | T89: 70000 | U89: =R89*T89 -> 0
A90: 75 | B90: 58 | C90: KARIMOVA SHAXIDA DALIYEVNA | D90: 10:01:06:01:02:5026 | E90: 8 | F90: Богистон | G90: 113 | H90: 1412 | I90: 1471 | J90: =I90-H90 -> 59 | K90: 523 | L90: 227.65 | M90: Қонун бўйича ворислик ҳақида гувоҳнома 2-1135 19/04/17 | N90: =I90*P90/100 -> 735500 | O90: =K90*300 -> 156900 | P90: 50000 | Q90: =N90+O90 -> 892400 | T90: 70000 | U90: =R90*T90 -> 0
A91: 76 | B91: 59 | C91: ISMATULLAYEV XAYRULLA NASIROVICH | D91: 10:01:06:01:02:5068 | E91: 8 | F91: Богистон | G91: 91 | H91: 500 | I91: 500 | J91: =I91-H91 -> 0 | K91: 124 | L91: 21.86 | M91: Олди-сотди шартномаси 2,02102E+14 18/01/21 | N91: =I91*P91/100 -> 250000 | O91: =K91*300 -> 37200 | P91: 50000 | Q91: =N91+O91 -> 287200 | T91: 70000 | U91: =R91*T91 -> 0
A92: 77 | B92: 60 | C92: ARTIKOVA GULCHEXRA MANSUROVNA | D92: 10:01:06:02:02:5104 | E92: 8 | F92: Богистон | G92: 21 | H92: 560 | I92: 560 | J92: =I92-H92 -> 0 | K92: 271 | L92: 94.61 | M92: Олди-сотди шартномаси 7275 09/11/05 | N92: =I92*P92/100 -> 280000 | O92: =K92*300 -> 81300 | P92: 50000 | Q92: =N92+O92 -> 361300 | T92: 70000 | U92: =R92*T92 -> 0
A93: 78 | B93: 61 | C93: ABDUVAXIDOV PAZIL TURSUNOVICH | D93: 10:01:06:01:02:5018 | E93: 8 | F93: Богистон | G93: 19-(26) | H93: 600 | I93: 598 | J93: =I93-H93 -> -2 | K93: 296 | L93: 152.84 | M93: қарори 267 28/04/14 | N93: =I93*P93/100 -> 299000 | O93: =K93*300 -> 88800 | P93: 50000 | Q93: =N93+O93 -> 387800 | T93: 70000 | U93: =R93*T93 -> 0
A94: 79 | B94: 62 | C94: ABDUVAXIDOV MANNOB TURSUNOVICH | D94: 10:01:06:01:02:5029 | E94: 8 | F94: Богистон | G94: 111 | H94: 901 | I94: 534 | K94: 298 | L94: 95.01 | M94: Қонун бўйича ворислик ҳақида гувоҳнома 1-6441 11/12/12 | N94: =I94*P94/100 -> 267000 | O94: =K94*300 -> 89400 | P94: 50000 | Q94: =N94+O94 -> 356400 | T94: 70000 | U94: =R94*T94 -> 0
A95: 80 | B95: 63 | C95: ABDUVAXIDOV MAXAMAT TURSUNOVICH | D95: 10:01:06:01:02:5029/01 | E95: 8 | F95: Богистон | G95: 111а | H95: 901 | I95: 367 | K95: 142 | L95: 66.16 | M95: Қонун бўйича ворислик ҳақида гувоҳнома 1-6441 сонли 11/12/12 | N95: =I95*P95/100 -> 183500 | O95: =K95*300 -> 42600 | P95: 50000 | Q95: =N95+O95 -> 226100 | T95: 70000 | U95: =R95*T95 -> 0
A96: 81 | B96: 64 | C96: XAMIDOV KAMIL DJURAYEVICH | D96: 10:01:06:01:02:5121 | E96: 8 | F96: Богистон, проезд 5 | G96: 93 | H96: 624 | I96: 624 | J96: =I96-H96 -> 0 | K96: 365 | L96: 193.4 | M96: Олди-сотди шартномаси 576 01/03/00 | N96: =I96*P96/100 -> 312000 | O96: =K96*300 -> 109500 | P96: 50000 | Q96: =N96+O96 -> 421500 | T96: 70000 | U96: =R96*T96 -> 0
A97: 82 | B97: 65 | C97: ILXAMOVA SHOIRA IKRAMOVNA | D97: 10:01:06:01:02:5040 | E97: 8 | F97: Богистон | G97: 89 | H97: 900 | I97: 900 | J97: =I97-H97 -> 0 | K97: 340 | L97: 121.25 | M97: Васиятнома бўйича меросга бўлган ҳуқуқ ҳақидаги гувоҳномаси 2,02102E+14 06/07/21 | N97: =I97*P97/100 -> 450000 | O97: =K97*300 -> 102000 | P97: 50000 | Q97: =N97+O97 -> 552000 | T97: 70000 | U97: =R97*T97 -> 0
A98: 83 | B98: 66 | C98: ILXAMOV ATXAM AKRAMOVICH | D98: 10:01:06:01:02:5041 | E98: 8 | F98: Богистон | G98: 117 | H98: 740 | I98: 807 | J98: =I98-H98 -> 67 | K98: 502 | L98: 186.94 | M98: фармойиши 336 р 22/06/92 | N98: =I98*P98/100 -> 403500 | O98: =K98*300 -> 150600 | P98: 50000 | Q98: =N98+O98 -> 554100 | T98: 70000 | U98: =R98*T98 -> 0
A99: 84 | B99: 83 | C99: ZAYNIDDINOVA MUNIRA TURSUNOVNA | D99: 10:01:06:01:02:5110 | E99: 8 | F99: Богистон | G99: 7 | H99: 586 | I99: 586 | J99: =I99-H99 -> 0 | K99: 200 | L99: 99.66 | M99: Ҳадя шартномаси 1-4271 25/07/17 | N99: =I99*P99/100 -> 293000 | O99: =K99*300 -> 60000 | P99: 50000 | Q99: =N99+O99 -> 353000 | T99: 70000 | U99: =R99*T99 -> 0
A100: 85 | B100: 84 | C100: YAKUBDJANOV UBAYDULLA VALIYEVICH | D100: 10:01:06:01:02:5030 | E100: 8 | F100: Богистон | G100: 109 | H100: 923 | I100: 923 | J100: =I100-H100 -> 0 | K100: 521 | L100: 136.53 | M100: қарори 258-1/21 сонли 10/10/91 | N100: =I100*P100/100 -> 461500 | O100: =K100*300 -> 156300 | P100: 50000 | Q100: =N100+O100 -> 617800 | T100: 70000 | U100: =R100*T100 -> 0
...

Sheet лот бўйича хк
A1: Лот рақами | B1: Компенсация суммаси (дастлабки ҳ-к бўйича) | C1: Лот майдони (кв.м.) | D1: Компенсиация (1 кв.м. учун) | E1: 1 сўтиҳ нархи (аукцион) | F1: Тушум (аукцион) | G1: Тушум ва компенсация фарқи
A2: 1 | B2: ='Турар Лотлар '!Q14 -> 7332800 | C2: 13600 | D2: =B2/C2 -> 539.17647 | E2: 800 | F2: =C2*E2 -> 10880000 | G2: =F2-B2 -> 3547200
A3: 2 | B3: ='Турар Лотлар '!Q24 -> 3239500 | C3: 5000 | D3: =B3/C3 -> 647.9 | E3: 600 | F3: =C3*E3 -> 3000000 | G3: =F3-B3 -> -239500
A4: 3 | B4: ='Турар Лотлар '!Q34 -> 2703000 | C4: 4700 | D4: =B4/C4 -> 575.10638 | E4: 600 | F4: =C4*E4 -> 2820000 | G4: =F4-B4 -> 117000
A5: 4 | B5: ='Турар Лотлар '!Q55 -> 9830603 | C5: 13000 | D5: =B5/C5 -> 756.20023 | E5: 600 | F5: =C5*E5 -> 7800000 | G5: =F5-B5 -> -2030603
A6: 5 | B6: ='Турар Лотлар '!Q63 -> 3306800 | C6: 3800 | D6: =B6/C6 -> 870.21053 | E6: 600 | F6: =C6*E6 -> 2280000 | G6: =F6-B6 -> -1026800
A7: 6 | B7: ='Турар Лотлар '!Q67 -> 546300 | C7: 10000 | D7: =B7/C7 -> 54.63 | E7: 600 | F7: =C7*E7 -> 6000000 | G7: =F7-B7 -> 5453700
A8: 7 | B8: ='Турар Лотлар '!Q79 -> 4161400 | C8: 4600 | D8: =B8/C8 -> 904.65217 | E8: 600 | F8: =C8*E8 -> 2760000 | G8: =F8-B8 -> -1401400
A9: 8 | B9: ='Турар Лотлар '!Q101 -> 8624700 | C9: 13000 | D9: =B9/C9 -> 663.43846 | E9: 600 | F9: =C9*E9 -> 7800000 | G9: =F9-B9 -> -824700
A10: 9 | B10: ='Турар Лотлар '!Q113 -> 13770700 | C10: 10000 | D10: =B10/C10 -> 1377.07 | E10: 600 | F10: =C10*E10 -> 6000000 | G10: =F10-B10 -> -7770700
A11: 10 | B11: ='Турар Лотлар '!Q119 -> 1593500 | C11: 2500 | D11: =B11/C11 -> 637.4 | E11: 600 | F11: =C11*E11 -> 1500000 | G11: =F11-B11 -> -93500
A12: 11 | B12: ='Турар Лотлар '!Q120 -> 0 | C12: 5000 | D12: 0 | E12: 600 | F12: =C12*E12 -> 3000000 | G12: =F12-B12 -> 3000000
A13: 12 | B13: ='Турар Лотлар '!Q127 -> 2083000 | C13: 11100 | D13: =B13/C13 -> 187.65766 | E13: 600 | F13: =C13*E13 -> 6660000 | G13: =F13-B13 -> 4577000
A14: 13 | B14: ='Турар Лотлар '!Q144 -> 8435400 | C14: 12300 | D14: =B14/C14 -> 685.80488 | E14: 600 | F14: =C14*E14 -> 7380000 | G14: =F14-B14 -> -1055400
A15: 14 | B15: ='Турар Лотлар '!Q168 -> 9098900 | C15: 8800 | D15: =B15/C15 -> 1033.9659 | E15: 600 | F15: =C15*E15 -> 5280000 | G15: =F15-B15 -> -3818900
A16: 16 | B16: ='Турар Лотлар '!Q171 -> 4285000 | C16: 6000 | D16: =B16/C16 -> 714.16667 | E16: 800 | F16: =C16*E16 -> 4800000 | G16: =F16-B16 -> 515000
A17: 17 | B17: ='Турар Лотлар '!Q175 -> 15333000 | C17: 12400 | D17: =B17/C17 -> 1236.5323 | E17: 800 | F17: =C17*E17 -> 9920000 | G17: =F17-B17 -> -5413000
A18: 18 | B18: ='Турар Лотлар '!Q179 -> 1000000 | C18: 11200 | D18: =B18/C18 -> 89.285714 | E18: 800 | F18: =C18*E18 -> 8960000 | G18: =F18-B18 -> 7960000
A19: 20 | B19: ='Турар Лотлар '!Q183 -> 1045000 | C19: 8000 | D19: =B19/C19 -> 130.625 | E19: 900 | F19: =C19*E19 -> 7200000 | G19: =F19-B19 -> 6155000
A20: 21 | B20: ='Турар Лотлар '!Q203 -> 9474150 | C20: 25000 | D20: =B20/C20 -> 378.966 | E20: 900 | F20: =C20*E20 -> 22500000 | G20: =F20-B20 -> 13025850
A21: 22 | B21: ='Турар Лотлар '!Q209 -> 8024700 | C21: 17000 | D21: =B21/C21 -> 472.04118 | E21: 900 | F21: =C21*E21 -> 15300000 | G21: =F21-B21 -> 7275300
B22: =SUM(B2:B21) -> 113888453 | C22: =SUM(C2:C21) -> 197000 | D22: =AVERAGE(D2:D21) -> 597.74148 | E22: =AVERAGE(E2:E21) -> 685 | F22: =SUM(F2:F21) -> 141840000 | G22: =F22-B22 -> 27951547
D23: ўртача

Sheet Нотурар Лотлар
A1: Учтепа тумани Катта Чўпонота махалласидаги нотурар объектлар
A2: Тартиб рақами | B2: Карта рақами | D2: Мулк эгаси | E2: Кўчаси | F2: Уй рақами | G2: Кадастр рақами | H2: Хужжати | I2: Хужжат бўйича Ер майдони, кв.м. | J2: Сотка | K2: Қурилиш ости кв.м. | L2: Захват кв.м. | M2: Снос харажатлари ($100 000)
A3: 1 | B3: 134 | C3: 14 | D3: ООО 'QODIRBEK' | E3: МКАД | G3: 10:01:06:01:02:0013 | H3: Решение хакима №261 от 12.10.2006г. Решение Хокима №1182 от 28.12.2017г. | I3: 1150 | J3: =I3/100 -> 11.5 | M3: =J3*100000 -> 1150000
A4: 2 | B4: 136 | D4: ATABAYEV ALISHER QADAMOVICH | E4: Богистон, | F4: 4а | G4: 10:01:06:01:02:0022 | H4: Договор купли-продажи №01/08 от 13.08.2020г. | I4: 211 | J4: =I4/100 -> 2.11 | M4: =J4*100000 -> 211000
A5: 3 | B5: 137 | D5: ЧП "DE LYUKS STAR" | E5: Богистон, | F5: 4а | G5: 10:01:06:01:02:0038 | H5: решение №145 от 13.03.2015г. | I5: 3663 | J5: =I5/100 -> 36.63 | M5: =J5*100000 -> 3663000
A6: 4 | B6: 138 | D6: MUXAMEDOV BEXZOD NIGMATULLAYEVICH | E6: Богистон, | F6: 4б | G6: 10:01:06:01:02:0047 | H6: Решение Хокима №78 от 12.02.2015г. | I6: 1751 | J6: =I6/100 -> 17.51 | M6: =J6*100000 -> 1751000
A7: 5 | B7: 139 | D7: ООО 'RAVSHANJON-UNIPROM ' | E7: Богистон, | F7: 4а | G7: 10:01:06:01:02:0054 | H7: Договор купли-продажи №4986 от 19.08.2014г.акт приемки в эксплуатацию завершенных строительством (реконструкцией) зданий и сооружений №28941511 от 19.03.2021г. | I7: 516 | J7: =I7/100 -> 5.16 | M7: =J7*100000 -> 516000
A8: 6 | B8: 140 | D8: ООО "RAVSHANJON-UNIPROM" | E8: Богистон, | F8: 4а | G8: 10:01:06:01:02:0029 | H8: Решение хакима №42 от 14.02.2008г. | I8: 2152 | J8: =I8/100 -> 21.52 | M8: =J8*100000 -> 2152000
A9: 7 | B9: 144 | D9: ООО "UCHTEPA AKSAZ" | E9: МКАД, | F9: 3а | G9: 10:01:06:01:02:0030 | H9: Решение хакима №1266 от 22.12.2003г. | I9: 240 | J9: =I9/100 -> 2.4 | L9: 27 | M9: =J9*100000 -> 240000
A10: 8 | B10: 155 | C10: 9 | D10: ЧП "VLAVAD RENT SERVIS" | E10: Фозилтепа, | F10: 42 | G10: 10:01:06:01:02:0040 | H10: Государственный ордер №247 от 06.09.2006г. | I10: 2328 | J10: =I10/100 -> 23.28 | M10: =J10*100000 -> 2328000
A11: 9 | B11: 157 | D11: OOO "AKSAVA" | E11: Фозилтепа, | F11: 34 | G11: 10:01:06:01:02:0008 | H11: Решение хакима №970 от 27.08.2001г. | I11: 1000 | J11: =I11/100 -> 10 | L11: 7 | M11: =J11*100000 -> 1000000
A12: 10 | B12: 158 | D12: ООО "PROF AVTO GARANT" | E12: Фозилтепа | G12: 10:01:06:01:02:0003 | H12: Решение Хокима №104 от 30.01.2017г. | I12: 333 | J12: =I12/100 -> 3.33 | M12: =J12*100000 -> 333000
A13: 11 | B13: 159 | D13: ЧП 'MTP GARANT AGROMASH SERVIS' | E13: Фозилтепа, | F13: 34 | G13: 10:01:06:01:02:0009 | H13: Государственный ордер №12 от 23.07.2015г. | I13: 4285 | J13: =I13/100 -> 42.85 | M13: =J13*100000 -> 4285000
A14: 12 | B14: 160 | D14: ООО "ERDON-SERVIS" | E14: Богистон, | F14: 4е | G14: 10:01:06:01:02:0025 | H14: Решение хакима №12 от 13.01.2009г. | I14: 3600 | J14: =I14/100 -> 36 | M14: =J14*100000 -> 3600000
A15: 13 | B15: 20 | C15: 3 | D15: ЧП "GULSHAN JILOSI" | E15: Фозилтепа | F15: 178 | G15: 10:01:06:01:02:0019 | H15: Олди сотди шартномаси 07.08.2012 й № 2/2833, Фуқаролик ишлари бўйича Тошкент шахар судининг қарори 17.03.2015 й № 10-1520/3172 | I15: 639 | J15: =I15/100 -> 6.39 | K15: 678 | M15: =J15*100000 -> 639000
A16: 14 | B16: 22 | C16: 3 | D16: MIRSOATOV UBAYDULLO ABDULLO O‘G‘LI | E16: Фозилтепа | F16: 178 | G16: 10:01:06:01:02:0031 | H16: Олди сотди шартномаси 06.03.2019 й № 201900061001688. | J16: =I16/100 -> 0 | K16: 67 | M16: =K16*1000 -> 67000
A17: 15 | B17: 23 | D17: SIDIKOV BAXODIR AKMALOVICH | E17: Фозилтепа | F17: 178 | G17: 10:01:06:01:02:0032 | H17: Олди сотди шартномаси 03.06.2021 й № 202102108003387. | I17: 1045 | J17: =I17/100 -> 10.45 | K17: 892 | M17: =J17*100000 -> 1045000
A18: 16 | B18: 2 | D18: ГП "Спецавтообъединение Главного управления здравоохранения г.Ташкента" | E18: Фозилтепа, | F18: 34 | G18: 10:01:06:01:02:0005 | H18: Приказ №65 от 16.02.1995г. Приказ №289 от 13.10.2017г. | I18: 42507 | J18: =I18/100 -> 425.07 | M18: 8000000
A19: 17 | B19: 1 | D19: ООО "TOSHKENT SHAHAR SUV TA`MINOTI" | E19: Фозилтепа, | F19: 30 | G19: 10:01:06:01:02:0021 | H19: Учтепа туман хокимининг карори 10.03.2017 й. № 238 | I19: 14394 | J19: =I19/100 -> 143.94 | M19: 7000000
D20: Жами: | I20: =SUM(I3:I29) -> 24573 | J20: =SUM(J3:J29) -> 245.73 | L20: =SUM(L3:L29) -> 117 | M20: =SUM(M3:M19) -> 37980000
A22: Компенсация берилмайдиган ҳамада бузилмайдиган нотурар объектлар
A23: Тартиб рақами | B23: Карта рақами | D23: Мулк эгаси | E23: Кўчаси | F23: Уй рақами | G23: Кадастр рақами | H23: Хужжати | I23: Хужжат бўйича Ер майдони, кв.м. | J23: Сотка | L23: Захват кв.м. | M23: Снос харажатлари ($100 000)
A24: 18 | B24: 21 | D24: "DRENAJLAR VA KOLLEKTORLARNI TA'MIRLASH VA SAQLASH IXTISOSLASHTIRILGAN BOSHKARMASI"DAVLAT MUASSASAS | E24: Фозилтепа | F24: 178 | G24: 10:01:06:01:02:0049 | H24: Мехнаткашлар депутатлариТошкент шахар советининг ижроия комитетининг қарори 01.07.1969 й № 192, Тошкент шахар совет халқ депутатлари комитетининг қарори 06.03.1987 й № 155/5, Акмал Икромов туман хокимининг қарори 29.10.1999 й № 1493. | I24: 1013 | J24: =I24/100 -> 10.13
A25: 19 | B25: 24 | D25: XUKUMAT OB'EKLARIDA XIZMAT KO'RSATISH BO'YICHA MAXSUS BOSHQARMA | E25: Фозилтепа | F25: 178 | G25: 10:01:06:01:02:0014 | H25: Ўзбекистон Республикаси Вазирлар Махкамасининг фармойиши 20.03.2003 й № 166-ф | I25: 19805 | J25: =I25/100 -> 198.05
A26: 20 | B26: 135 | D26: Сход граждан махалли 'CHO'PON OTA' | E26: Богистон, | F26: 5 | G26: 10:01:06:01:02:0052 | H26: Договор аренды земельного участка №1-14-1-0283-12 от 26.08.2012г. | I26: 1011 | J26: =I26/100 -> 10.11
A27: 21 | B27: 156 | D27: ГУП "SUVSOZ" | E27: Фозилтепа, | F27: 42 | G27: 10:01:06:01:02:0039 | H27: Решение №708/33 от 04.12.1987г. Государственный ордер подтверждающий права собственности №16 от 05.05.2020г. | I27: 5308 | J27: =I27/100 -> 53.08
A29: 1 | B29: 28 | D29: G‘AFURJONOV SHAHZOD ALISHER O‘G‘LI | E29: Фозилтепа | G29: 10:01:06:01:02:0017 | H29: Олди сотди шартномаси 05.02.2021 й № 202101915001388. | I29: 1660 | J29: =I29/100 -> 16.6 | K29: 52 | L29: 83
A30: 2 | B30: 7 | D30: XAMIDOVA PARIDA KABILOVNA | E30: Богобод | F30: 269,271а,273 | G30: 10:01:06:01:02:0055 | H30: Учтепа туман хокимининг қарори 27.05.2016 й № 398 | I30: 4144 | J30: =I30/100 -> 41.44 | K30: 1791
A31: 3 | B31: 25 | D31: ООО "TURON MEROS" | E31: Фозилтепа | F31: 178 | G31: 10:01:06:01:02:0058 | H31: Тошкент шахар хокими 01.06.2021 й № 650 | I31: 15000 | J31: =I31/100 -> 150
A32: 4 | B32: 27 | D32: ООО "SOFIYA QANDOLAT" | E32: Фозилтепа | G32: 10:01:06:01:02:0057 | H32: Тошкент шахар хокими 07.04.2021 й № 386 | I32: 8000 | J32: =I32/100 -> 80 | K32: 7628
A33: 5 | B33: 29 | D33: ООО "MADINA-MUXLISA STAR" (Парк) | E33: Фозилтепа, | F33: 251 | G33: 10:01:06:01:02:0016 | H33: Учтепа туман хокими қарори 14.12.2017 й № 1140 | I33: 45200 | J33: =I33/100 -> 452
A34: 23 | D34: Жами: | I34: =SUM(I19:I27) -> 41531 | J34: =SUM(J19:J27) -> 415.31 | L34: =SUM(L19:L27) -> 0

Sheet Турар Вьетнам карта
A1: Учтепа тумани Катта Чўпонота махалласидаги турар уй жойлар
A2: № | B2: К/р | D2: Мулкдор | E2: Кадастр рақами | F2: Кўча | G2: Уй рақами | H2: Хужжат бўйича Ер майдони, кв.м. | I2: Умумий ер майдони кв.м. | J2: Ўзбошимча ер майдони кв.м. | K2: Қурилиш оости майдони кв.м. | L2: Яшаш майдони кв.м. | M2: Хуқуқ тури | N2: Ер нархи кв.м. $ 500-800 | O2: Бино нархи $ 300
A4: 1 | B4: 1 | C4: 1 | D4: MERNIY ANATOLIY GRIGOREVICH | E4: 10:01:06:01:02:5074 | F4: Богистон | G4: 257 | H4: 2500 | I4: 2500 | J4: =I4-H4 -> 0 | K4: 135 | L4: 31.84 | M4: Ҳадя шартномаси 20-331 08/05/03 | N4: =I4*P4/100 -> 1750000 | O4: =K4*300 -> 40500 | P4: 70000 | Q4: =N4+O4 -> 1790500
A5: 2 | B5: 2 | C5: 1 | D5: NASIROVA FOTIMA XAMIDULLAYEVNA | E5: 10:01:06:01:02:5136 | F5: Х Турсункулов | G5: 259 | H5: 2400 | I5: 3200 | J5: =I5-H5 -> 800 | K5: 675 | L5: 115.49 | M5: Олди-сотди шартномаси 927 27/02/03 | N5: =I5*P5/100 -> 2240000 | O5: =K5*300 -> 202500 | P5: 70000 | Q5: =N5+O5 -> 2442500
A6: 3 | B6: 4 | C6: 1 | D6: TULAGANOV AXMADJON TAGIROVICH | E6: 10:01:06:01:02:5075 | F6: Богистон | G6: 261 | H6: 1390 | I6: 1390 | J6: =I6-H6 -> 0 | K6: 588 | L6: 231.64 | M6: Олди-сотди шартномаси 2,02102E+14 27/12/21 | N6: =I6*P6/100 -> 973000 | O6: =K6*300 -> 176400 | P6: 70000 | Q6: =N6+O6 -> 1149400
A7: 4 | B7: 5 | C7: 1 | D7: YAFUNYAYEV MURAD FARIDOVICH | E7: 10:01:06:01:02:5076 | F7: Богистон | G7: 263 | H7: 4900 | I7: 5098 | J7: =I7-H7 -> 198 | K7: 311 | L7: 257.26 | M7: Олди-сотди шартномаси 12-901 14/10/99 | N7: =I7*P7/100 -> 2549000 | O7: =K7*300 -> 93300 | P7: 50000 | Q7: =N7+O7 -> 2642300
H8: =SUM(H4:H7) -> 11190 | I8: =SUM(I4:I7) -> 12188 | J8: =SUM(J4:J7) -> 998 | K8: =SUM(K4:K7) -> 1709 | L8: =SUM(L4:L7) -> 636.23 | M8: =SUM(M4:M7) -> 0 | N8: =SUM(N4:N7) -> 7512000 | O8: =SUM(O4:O7) -> 512700 | ... Q8: =SUM(Q4:Q7) -> 8024700
A9: 5 | B9: 8 | C9: 2 | D9: XUSNITDINOV TAXIRDJAN XUDAYBERGENOVICH | E9: 10:01:06:01:02:5123 | F9: Богистон | G9: 275 | H9: 636 | I9: 636 | J9: =I9-H9 -> 0 | K9: 413 | L9: 105.19 | M9: Қонун бўйича ворислик ҳақида гувоҳнома 2-6149 04/12/90 | N9: =I9*P9/100 -> 318000 | O9: =K9*300 -> 123900 | P9: 50000 | Q9: =N9+O9 -> 441900
A10: 6 | B10: 9 | C10: 2 | D10: XUSNITDINOV DILSHOD TAXIRJANOVICH | E10: 10:01:06:01:02:5123/01 | F10: Богистон | G10: 275б | H10: 398 | I10: 398 | J10: =I10-H10 -> 0 | K10: 134 | L10: 66.01 | M10: Ҳадя шартномаси 2,019E+14 02/07/19 | N10: =I10*P10/100 -> 199000 | O10: =K10*300 -> 40200 | P10: 50000 | Q10: =N10+O10 -> 239200
A11: 7 | B11: 10 | C11: 2 | D11: ACHILOVA GULBAXOR RIXSIYEVNA | E11: 10:01:06:01:02:5078/01 | F11: Богистон | G11: 275г | H11: 300 | I11: 300 | J11: =I11-H11 -> 0 | K11: 117 | L11: 52.72 | M11: Ҳадя шартномаси 2,01901E+14 15/02/19 | N11: =I11*P11/100 -> 150000 | O11: =K11*300 -> 35100 | P11: 50000 | Q11: =N11+O11 -> 185100
A12: 8 | B12: 11 | C12: 2 | D12: XAITMUXAMEDOVA DILORAM TOXIRJONOVNA | E12: 10:01:06:01:02:5154 | F12: Богистон | G12: 275в | H12: 391 | I12: 391 | J12: =I12-H12 -> 0 | K12: 233 | L12: 89.46 | M12: Ҳадя шартномаси 2,02002E+14 13/11/20 | N12: =I12*P12/100 -> 195500 | O12: =K12*300 -> 69900 | P12: 50000 | Q12: =N12+O12 -> 265400
A13: 9 | B13: 12 | C13: 2 | D13: KARIMOVA MALIKA TAXIRDJANOVNA | E13: 10:01:06:01:02:5078 | F13: Богистон | G13: 275а | H13: 845 | I13: 845 | J13: =I13-H13 -> 0 | K13: 276 | L13: 80.59 | M13: Ҳадя шартномаси 2,01901E+14 15/02/19 | N13: =I13*P13/100 -> 422500 | O13: =K13*300 -> 82800 | P13: 50000 | Q13: =N13+O13 -> 505300
A14: 10 | B14: 13 | C14: 2 | D14: XUDJAMURATOV ALISHER AVLAYEVICH | E14: 10:01:06:01:02:5156 | F14: Богистон | G14: 275д | H14: 600 | I14: 659 | J14: =I14-H14 -> 59 | K14: 22 | L14: 16.24 | M14: Олди-сотди шартномаси 2,02002E+14 16/09/20 | N14: =I14*P14/100 -> 329500 | O14: =K14*300 -> 6600 | P14: 50000 | Q14: =N14+O14 -> 336100
A15: 11 | B15: 14 | C15: 2 | D15: XASHIMOV XABIBULLA XASANOVICH | E15: 10:01:06:01:02:5079 | F15: Богистон | G15: 277 | H15: 754 | I15: 779 | J15: =I15-H15 -> 25 | K15: 470 | L15: 217.57 | M15: Ҳадя шартномаси Р-р1-2975 09.10.2003 | N15: =I15*P15/100 -> 623200 | O15: =K15*300 -> 141000 | P15: 80000 | Q15: =N15+O15 -> 764200
A16: 12 | B16: 15 | C16: 2 | D16: XASHIMOV ABDURAXMON ABDUKASIMOVICH | E16: 10:01:06:01:02:5144 | F16: Богистон | G16: 279а | H16: 535 | I16: 535 | J16: =I16-H16 -> 0 | K16: 222 | L16: 85.84 | M16: Ҳадя шартномаси 1-3869 13/10/16 | N16: =I16*P16/100 -> 428000 | O16: =K16*300 -> 66600 | P16: 80000 | Q16: =N16+O16 -> 494600
A17: 13 | B17: 16 | C17: 2 | D17: XASHIMOV MURAT XUSANOVICH | E17: 10:01:06:01:02:5141 | F17: Богистон | G17: 281 | H17: 1093 | I17: 1093 | J17: =I17-H17 -> 0 | K17: 460 | L17: 182.68 | M17: Қонун бўйича ворислик ҳақида гувоҳнома 2,019E+14 16/09/19 | N17: =I17*P17/100 -> 546500 | O17: =K17*300 -> 138000 | P17: 50000 | Q17: =N17+O17 -> 684500
A18: 14 | B18: 17 | C18: 2 | D18: AXRAROV SANJAR YAXYAYEVICH | E18: 10:01:06:01:02:5080 | F18: Богистон | G18: 279 | H18: 1265 | I18: 2509 | J18: =I18-H18 -> 1244 | K18: 653 | L18: 68.49 | M18: Келишув битими 2,019E+14 06/08/19 | N18: =I18*P18/100 -> 1630850 | O18: =K18*300 -> 195900 | P18: 65000 | Q18: =N18+O18 -> 1826750
A19: 15 | B19: 18 | C19: 2 | D19: XALILOV ABDUSAMAT ABDUJALILOVICH | E19: 10:01:06:01:02:5132 | F19: Богистон | G19: 283а | H19: 600 | I19: 600 | J19: =I19-H19 -> 0 | K19: 167 | L19: 30.53 | M19: Васиятнома бўйича меросга бўлган ҳуқуқ ҳақидаги гувоҳномаси 1-441 16/02/17 | N19: =I19*P19/100 -> 480000 | O19: =K19*300 -> 50100 | P19: 80000 | Q19: =N19+O19 -> 530100
A20: 16 | B20: 19 | C20: 2 | D20: XALILOV ABDUSATTOR ABDUJALILOVICH | E20: 10:01:06:01:02:5081 | F20: Богистон | G20: 283 | H20: 2114 | I20: 2114 | J20: =I20-H20 -> 0 | K20: 556 | L20: 233.3 | M20: Қонун бўйича ворислик ҳақида гувоҳнома 1-439 16/02/17 | N20: =I20*P20/100 -> 1057000 | O20: =K20*300 -> 166800 | P20: 50000 | Q20: =N20+O20 -> 1223800
A21: 17 | B21: 26 | C21: 2 | D21: BIRYUKOVA ROZA GLIMYANOVNA | E21: 10:01:06:01:02:5135 | F21: Фозилтепа | G21: 244 | H21: 1010 | I21: 1010 | J21: =I21-H21 -> 0 | K21: 228 | L21: 76.5 | M21: қарори 227 28/03/18 | N21: =I21*P21/100 -> 505000 | O21: =K21*300 -> 68400 | P21: 50000 | Q21: =N21+O21 -> 573400
H22: =SUM(H9:H21) -> 10541 | I22: =SUM(I9:I21) -> 11869 | J22: =SUM(J9:J21) -> 1328 | K22: =SUM(K9:K21) -> 3951 | L22: =SUM(L9:L21) -> 1305.12 | M22: =SUM(M9:M21) -> 0 | N22: =SUM(N9:N21) -> 6885050 | O22: =SUM(O9:O21) -> 1185300 | ... Q22: =SUM(Q9:Q21) -> 8070350
A23: 18 | C23: 3 | D23: ASAMOVA NOZIMA AKMALOVNA | E23: 10:01:06:01:02:5073 | F23: Боғобод | G23: 180 | H23: 1020 | I23: 1020 | K23: 390 | N23: =I23*P23/100 -> 510000 | O23: =K23*300 -> 117000 | P23: 50000 | Q23: =N23+O23 -> 627000
A24: 19 | C24: 3 | D24: ASAMOVA NAILYA NASIROVNA | E24: 10:01:06:01:02:5161 | F24: Боғобод | G24: 180а | K24: 236 | N24: =I24*P24/100 -> 0 | O24: =K24*300 -> 70800 | P24: 50000 | Q24: =N24+O24 -> 70800
H25: =SUM(H23:H24) -> 1020 | I25: =SUM(I23:I24) -> 1020 | J25: =SUM(J23:J24) -> 0 | K25: =SUM(K23:K24) -> 626 | L25: =SUM(L23:L24) -> 0 | M25: =SUM(M23:M24) -> 0 | N25: =SUM(N23:N24) -> 510000 | O25: =SUM(O23:O24) -> 187800 | ... Q25: =SUM(Q23:Q24) -> 697800
A26: 20 | B26: 68 | C26: 8 | D26: XAMIDOV KOZIM DJURAYEVICH | E26: 10:01:06:01:02:5115 | F26: Богистон, туп 5 | G26: 97 | H26: 734 | I26: 734 | J26: =I26-H26 -> 0 | K26: 378 | L26: 121.55 | M26: Ҳадя шартномаси 1-4258 03/12/15 | N26: =I26*P26/100 -> 367000 | O26: =K26*300 -> 113400 | P26: 50000 | Q26: =N26+O26 -> 480400
A27: 21 | B27: 69 | C27: 8 | D27: MUMINOV SAGDULLA MOVLANOVICH | E27: 10:01:06:01:02:5036 | F27: ул. Богистон, дом | G27: 121 | H27: 520 | I27: 520 | J27: =I27-H27 -> 0 | K27: 305 | L27: 132.96 | M27: туман ижроия қўмитаси қарори 11-3/2 23/01/92 | N27: =I27*P27/100 -> 260000 | O27: =K27*300 -> 91500 | P27: 50000 | Q27: =N27+O27 -> 351500
A28: 22 | B28: 70 | C28: 8 | D28: MIRXADIYEV SHERZOD MIRAXMADOVICH | E28: 10:01:06:01:02:5037/01 | F28: ул. Богистон, дом | G28: 40а | H28: 380 | I28: 380 | J28: =I28-H28 -> 0 | K28: 240 | L28: 110.6 | M28: Олди-сотди шартномаси 7253 11/12/07 | N28: =I28*P28/100 -> 190000 | O28: =K28*300 -> 72000 | P28: 50000 | Q28: =N28+O28 -> 262000
A29: 23 | B29: 71 | C29: 8 | D29: YAKUBDJANOVA MOXIRA MELSOVNA | E29: 10:01:06:01:02:5037 | F29: ул. Богистон, дом | G29: 40 | H29: 500 | I29: 500 | J29: =I29-H29 -> 0 | K29: 333 | L29: 255.79 | M29: Олди-сотди шартномаси 15-576 11/06/10 | N29: =I29*P29/100 -> 250000 | O29: =K29*300 -> 99900 | P29: 50000 | Q29: =N29+O29 -> 349900
A30: 24 | B30: 73 | C30: 8 | D30: XODIYEV RAXMAT MAXKAMOVICH | E30: 10:01:06:01:02:5120 | F30: Богистон | G30: 63 | H30: 286 | I30: 286 | J30: =I30-H30 -> 0 | K30: 141 | L30: 93.53 | M30: қарори 612 05/10/18 | N30: =I30*P30/100 -> 143000 | O30: =K30*300 -> 42300 | P30: 50000 | Q30: =N30+O30 -> 185300
H31: =SUM(H26:H30) -> 2420 | I31: =SUM(I26:I30) -> 2420 | J31: =SUM(J26:J30) -> 0 | K31: =SUM(K26:K30) -> 1397 | L31: =SUM(L26:L30) -> 714.43 | M31: =SUM(M26:M30) -> 0 | N31: =SUM(N26:N30) -> 1210000 | O31: =SUM(O26:O30) -> 419100 | ... Q31: =SUM(Q26:Q30) -> 1629100
A32: 25 | B32: 5 | C32: 9 | D32: SHERXANOV SHAHZOD RAVSHAN O‘G‘LI | E32: 10:01:06:01:02:5052 | F32: Богистон | G32: 67 | H32: 600 | I32: 600 | J32: =I32-H32 -> 0 | K32: 407 | L32: 201.6 | M32: Олди-сотди шартномаси 2,019E+14 27/12/19 | N32: =I32*P32/100 -> 300000 | O32: =K32*300 -> 122100 | P32: 50000 | Q32: =N32+O32 -> 422100
A33: 26 | B33: 74 | C33: 9 | D33: YAKUBOV SAMUK NABIYEVICH | E33: 10:01:06:01:02:5028 | F33: Богистон | G33: 107 | H33: 660 | I33: 660 | J33: =I33-H33 -> 0 | K33: 404 | L33: 110.21 | M33: Қонун бўйича ворислик ҳақида гувоҳнома 8-532 30/01/06 | N33: =I33*P33/100 -> 330000 | O33: =K33*300 -> 121200 | P33: 50000 | Q33: =N33+O33 -> 451200
A34: 27 | B34: 75 | C34: 9 | D34: YAKUBOV SAMUK NABIYEVICH | E34: 10:01:06:01:02:5101 | F34: Богистон | G34: 105 | H34: 1592 | I34: 663 | J34: =I34-H34 -> -929 | K34: 146 | L34: 72.12 | M34: қарори 314/26 26/12/91 | N34: =I34*P34/100 -> 331500 | O34: =K34*300 -> 43800 | P34: 50000 | Q34: =N34+O34 -> 375300
A35: 28 | B35: 76 | C35: 9 | D35: YAKUBOV SHOKIRJON SAMUKOVICH | E35: 10:01:06:01:02:5101/01 | F35: Богистон | G35: 105а | H35: 1592 | I35: 929 | J35: =I35-H35 -> -663 | K35: 465 | L35: 224.02 | M35: Ҳадя шартномаси 2,019E+14 21/01/19 | N35: =I35*P35/100 -> 464500 | O35: =K35*300 -> 139500 | P35: 50000 | Q35: =N35+O35 -> 604000
A36: 29 | B36: 77 | C36: 9 | D36: BABAJANOV BEHZOD POLVANNAZIROVICH | E36: 10:01:06:01:02:5003 | F36: Богистон | G36: 103 | H36: 488 | I36: 488 | J36: =I36-H36 -> 0 | K36: 93 | L36: 39.4 | M36: Олди-сотди шартномаси 2,02102E+14 16/12/21 | N36: =I36*P36/100 -> 244000 | O36: =K36*300 -> 27900 | P36: 50000 | Q36: =N36+O36 -> 271900
A37: 30 | B37: 78 | C37: 9 | D37: YAKUBDJANOVA OZODAGUL DJARKINOVNA | E37: 10:01:06:01:02:5001 | F37: Богистон | G37: 101 | H37: 600 | I37: 670 | J37: =I37-H37 -> 70 | K37: 134 | L37: 43.11 | M37: Олди-сотди шартномаси 4710 07/09/18 | N37: =I37*P37/100 -> 335000 | O37: =K37*300 -> 40200 | P37: 50000 | Q37: =N37+O37 -> 375200
A38: 31 | B38: 79 | C38: 9 | D38: BAKAYEVA XODJINISA NABIYEVNA | E38: 10:01:06:01:02:5002 | F38: Богистон | G38: 1 | H38: 558 | I38: 572 | J38: =I38-H38 -> 14 | K38: 295 | L38: 99.59 | M38: Курилиш шартномаси 1336р9-232 19/02/92 | N38: =I38*P38/100 -> 343200 | O38: =K38*300 -> 88500 | P38: 60000 | Q38: =N38+O38 -> 431700
A39: 32 | B39: 80 | C39: 9 | D39: ACHILOV ABDURASHID RIXSIVAYEVICH | E39: 10:01:06:01:02:5095 | F39: Богистон | G39: 3 | H39: 1310 | I39: 1310 | J39: =I39-H39 -> 0 | K39: 639 | L39: 269.67 | M39: Васиятнома бўйича ворислик ҳақида гувоҳномаси 1-1714 30/04/12 | N39: =I39*P39/100 -> 786000 | O39: =K39*300 -> 191700 | P39: 60000 | Q39: =N39+O39 -> 977700
A40: 33 | B40: 81 | C40: 9 | D40: Ачилов Абдурахман | E40: 10:01:06:01:02:5138 | F40: Богистон | G40: 38 (34) | H40: 885 | I40: 904 | J40: =I40-H40 -> 19 | K40: 508 | L40: 125.99 | M40: а карори.277-1-23.14 | N40: =I40*P40/100 -> 452000 | O40: =K40*300 -> 152400 | P40: 50000 | Q40: =N40+O40 -> 604400
A41: 34 | B41: 82 | C41: 9 | D41: KADIROV RUSTAM SULTANOVICH | E41: 10:01:06:01:02:5160 | F41: Богистон | G41: 7а | H41: 430 | I41: 430 | J41: =I41-H41 -> 0 | K41: 179 | L41: 28.6 | M41: Олди-сотди шартномаси 2,02102E+14 15/10/21 | N41: =I41*P41/100 -> 215000 | O41: =K41*300 -> 53700 | P41: 50000 | Q41: =N41+O41 -> 268700
A42: 35 | B42: 86 | C42: 9 | D42: ASAMUTDINOV BAXTIYOR KOMILOVICH | E42: 10:01:07:01:01:5168 | F42: Богистон | G42: 11 | H42: 631 | I42: 631 | J42: =I42-H42 -> 0 | K42: 227 | L42: 107.48 | M42: Қонун бўйича ворислик ҳақида гувоҳнома 1-2024 19/04/13 | N42: =I42*P42/100 -> 315500 | O42: =K42*300 -> 68100 | P42: 50000 | Q42: =N42+O42 -> 383600
A43: 36 | B43: 88 | C43: 9 | D43: YUSUPOV AKRAM NEMATJANOVICH | E43: 10:01:07:01:01:5443 | F43: Богистон | G43: 11а | H43: 588 | I43: 588 | J43: =I43-H43 -> 0 | K43: 225 | L43: 179.76 | M43: Олди-сотди шартномаси 1-3056 19/06/13 | N43: =I43*P43/100 -> 294000 | O43: =K43*300 -> 67500 | P43: 50000 | Q43: =N43+O43 -> 361500
A44: 37 | B44: 89 | C44: 9 | D44: JURAYEVA UMIDA ARIPJANOVNA | E44: 10:01:06:01:02:5020 | F44: Богистон | G44: 20 | H44: 600 | I44: 600 | J44: =I44-H44 -> 0 | K44: 360 | L44: 137.62 | M44: Ҳадя шартномаси 1717 21/11/06 | N44: =I44*P44/100 -> 360000 | O44: =K44*300 -> 108000 | P44: 60000 | Q44: =N44+O44 -> 468000
A45: 38 | B45: 90 | C45: 9 | D45: TURSUNOVA ZULXUMOR ZARIPBAYEVNA | E45: 10:01:06:01:02:5127 | F45: Богистон | G45: 22а | H45: 300 | I45: 295 | J45: =I45-H45 -> -5 | K45: 295 | L45: 31.36 | M45: Олди-сотди шартномаси 1-300 сонли 27/01/15 | N45: =I45*P45/100 -> 177000 | O45: =K45*300 -> 88500 | P45: 60000 | Q45: =N45+O45 -> 265500
A46: 39 | B46: 91 | C46: 9 | D46: TURAPOVA OLTINOY TESHAYEVNA | E46: 10:01:06:01:02:5013/01 | F46: Богистон, проезд 1 | G46: 18а | H46: 171 | I46: 171 | J46: =I46-H46 -> 0 | K46: 102 | L46: 50.64 | M46: Ҳадя шартномаси 3551 26/08/18 | N46: =I46*P46/100 -> 85500 | O46: =K46*300 -> 30600 | P46: 50000 | Q46: =N46+O46 -> 116100
A47: 40 | B47: 92 | C47: 9 | D47: TOXTAYEV BATIR TESHAYEVICH | E47: 10:01:06:01:02:5013 | F47: Богистон, проезд 2 | G47: 18 | H47: 674 | I47: 503 | J47: =I47-H47 -> -171 | K47: 284 | L47: 161.48 | M47: Курилиш шартномаси 1335р9-291 11/02/92 | N47: =I47*P47/100 -> 251500 | O47: =K47*300 -> 85200 | P47: 50000 | Q47: =N47+O47 -> 336700
A48: 41 | B48: 93 | C48: 9 | D48: NARBAYEV SHOVKAT URALOVICH | E48: 10:01:06:01:02:5126 | F48: Богистон | G48: 22 | H48: 300 | I48: 300 | J48: =I48-H48 -> 0 | K48: 64 | L48: 35.06 | M48: Олди-сотди шартномаси 2,02102E+1424/06/21 | N48: =I48*P48/100 -> 180000 | O48: =K48*300 -> 19200 | P48: 60000 | Q48: =N48+O48 -> 199200
A49: 42 | B49: 94 | C49: 9 | D49: ASAMOVA MUNIRA SAYFITDINOVNA | E49: 10:01:06:01:02:5151 | F49: Богистон | G49: 24а | H49: 340 | I49: 340 | J49: =I49-H49 -> 0 | K49: 244 | L49: 139.45 | M49: Олди-сотди шартномаси 2-4107 03/08/13 | N49: =I49*P49/100 -> 204000 | O49: =K49*300 -> 73200 | P49: 60000 | Q49: =N49+O49 -> 277200
A50: 43 | B50: 95 | C50: 9 | D50: AXMEDOVA AZIZA ISMAILOVNA | E50: 10:01:06:01:02:5024 | F50: Богистон | G50: 24 | H50: 600 | I50: 774 | J50: =I50-H50 -> 174 | K50: 223 | L50: 129.64 | M50: Қонун бўйича меросга бўлган ҳуқуқ ҳақида гувоҳнома 2-3953 11/11/15 | N50: =I50*P50/100 -> 464400 | O50: =K50*300 -> 66900 | P50: 60000 | Q50: =N50+O50 -> 531300
A51: 44 | B51: 96 | C51: 9 | D51: SHAKIROV KADIR XXX | E51: 10:01:06:01:02:5043 | F51: Богистон | G51: 26 | H51: 908 | I51: 893 | J51: =I51-H51 -> -15 | K51: 485 | L51: 176.38 | M51: қарори 11/3-2 23/01/92 | N51: =I51*P51/100 -> 535800 | O51: =K51*300 -> 145500 | P51: 60000 | Q51: =N51+O51 -> 681300
A52: 45 | B52: 97 | C52: 9 | D52: SHAKIROV ALIM TAXIROVICH | E52: 10:01:06:01:02:5009 | F52: Богистон | G52: 14 | H52: 600 | I52: 600 | J52: =I52-H52 -> 0 | K52: 296 | L52: 131.83 | M52: Айрибошлаш шартномаси 2-4693 17/08/94 | N52: =I52*P52/100 -> 300000 | O52: =K52*300 -> 88800 | P52: 50000 | Q52: =N52+O52 -> 388800
A53: 46 | B53: 98 | C53: 9 | D53: XAYDAROV MALIK VASIKOVICH | E53: 10:01:07:01:01:5304 | F53: Богистон | G53: 28 | H53: 847 | I53: 813 | J53: =I53-H53 -> -34 | K53: 370 | L53: 275.28 | M53: Қонун бўйича меросга бўлган ҳуқуқ ҳақида гувоҳнома 2,02002E+14 18/12/20 | N53: =I53*P53/100 -> 487800 | O53: =K53*300 -> 111000 | P53: 60000 | Q53: =N53+O53 -> 598800
A54: 47 | B54: 99 | C54: 9 | D54: SAIDMURADOVA DILOROM KABILOVNA | E54: 10:01:07:01:01:5173 | F54: Богистон | G54: 47 | H54: 456 | I54: 456 | J54: =I54-H54 -> 0 | K54: 233 | L54: 59.55 | M54: қарори 11-3/2 23/01/92 | N54: =I54*P54/100 -> 273600 | O54: =K54*300 -> 69900 | P54: 60000 | Q54: =N54+O54 -> 343500
A55: 48 | B55: 100 | C55: 9 | D55: SAIDMURADOVA NASIBA IBRAGIMOVNA | E55: 10:01:07:01:01:5453 | F55: Богистон | G55: 47б | H55: 470 | I55: 470 | J55: =I55-H55 -> 0 | K55: 208 | L55: 76.64 | M55: Ҳадя шартномаси 2,01901E+14 17/05/19 | N55: =I55*P55/100 -> 282000 | O55: =K55*300 -> 62400 | P55: 60000 | Q55: =N55+O55 -> 344400
A56: 49 | B56: 101 | C56: 9 | D56: SAIDMURATOV XUSAN XUSANOVICH | E56: 10:01:06:01:02:5148 | F56: Богистон | G56: 30б | H56: 600 | I56: 600 | J56: =I56-H56 -> 0 | K56: 217 | L56: 32.6 | M56: Қонун бўйича меросга бўлган ҳуқуқ ҳақида гувоҳнома 4524 27/11/18 | N56: =I56*P56/100 -> 300000 | O56: =K56*300 -> 65100 | P56: 50000 | Q56: =N56+O56 -> 365100
A57: 50 | B57: 102 | C57: 9 | D57: SHAKIROV AZIZ ABDUSATTAROVICH | E57: 10:01:06:01:02:5044 | F57: Богистон | G57: 49 | H57: 600 | I57: 580 | J57: =I57-H57 -> -20 | K57: 463 | L57: 167.48 | M57: қарори 314/26 26/12/91 | N57: =I57*P57/100 -> 290000 | O57: =K57*300 -> 138900 | P57: 50000 | Q57: =N57+O57 -> 428900
A58: 51 | B58: 103 | C58: 9 | D58: SHAKIROV AVAZ SATTAROVICH | E58: 10:01:06:01:02:5045 | F58: Богистон | G58: 5 | H58: 600 | I58: 600 | J58: =I58-H58 -> 0 | K58: 540 | L58: 216.77 | M58: қарори 907 16/12/94 | N58: =I58*P58/100 -> 300000 | O58: =K58*300 -> 162000 | P58: 50000 | Q58: =N58+O58 -> 462000
A59: 52 | B59: 104 | C59: 9 | D59: SHAKIROV ERKIN TAXIROVICH | E59: 10:01:06:01:02:5053 | F59: Богистон | G59: 6 | H59: 648 | I59: 605 | J59: =I59-H59 -> -43 | K59: 402 | L59: 197.97 | M59: Олди-сотди шартномаси 25-549 27/05/98 | N59: =I59*P59/100 -> 302500 | O59: =K59*300 -> 120600 | P59: 50000 | Q59: =N59+O59 -> 423100
A60: 53 | B60: 105 | C60: 9 | D60: ARIFOVA GULMIRA ABDULLAYEVNA | E60: 10:01:06:01:02:5046 | F60: Богистон | G60: 51 | H60: 791 | I60: 1270 | J60: =I60-H60 -> 479 | K60: 475 | L60: 198.25 | M60: Ҳадя шартномаси 374 01/05/10 | N60: =I60*P60/100 -> 635000 | O60: =K60*300 -> 142500 | P60: 50000 | Q60: =N60+O60 -> 777500
A61: 54 | B61: 106 | C61: 9 | D61: ARIFOV XAMIDULLA AXMEDOVICH | E61: 10:01:06:01:02:5071 | F61: Богистон | G61: 3 | H61: 600 | I61: 877 | J61: =I61-H61 -> 277 | K61: 409 | L61: 23.79 | M61: қарори 380/11 15/10/91 | N61: =I61*P61/100 -> 438500 | O61: =K61*300 -> 122700 | P61: 50000 | Q61: =N61+O61 -> 561200
A62: 55 | B62: 107 | C62: 9 | D62: SHAKIROV SHUXRAT KADIROVICH | E62: 10:01:07:01:01:5360 | F62: Богистон | G62: 8 | H62: 672 | I62: 672 | J62: =I62-H62 -> 0 | K62: 406 | L62: 189.59 | M62: Учтепа тумани ҳокимининг қарори № 215 06/03/98 | N62: =I62*P62/100 -> 336000 | O62: =K62*300 -> 121800 | P62: 50000 | Q62: =N62+O62 -> 457800
A63: 56 | B63: 161 | C63: 9 | D63: AXMEDOVA MALOXAT SHAKIROVNA | E63: 10:01:06:01:02:5010 | F63: Богистон | G63: 16 | H63: 458 | I63: 458 | J63: =I63-H63 -> 0 | K63: 328 | L63: 147.97 | M63: Васиятнома бўйича ворислик ҳақида гувоҳномаси 14-444 08/07/08 | N63: =I63*P63/100 -> 229000 | O63: =K63*300 -> 98400 | P63: 50000 | Q63: =N63+O63 -> 327400
H64: =SUM(H32:H63) -> 21169 | I64: =SUM(I32:I63) -> 20322 | J64: =SUM(J32:J63) -> -847 | K64: =SUM(K32:K63) -> 10126 | L64: =SUM(L32:L63) -> 4080.9 | M64: =SUM(M32:M63) -> 0 | N64: =SUM(N32:N63) -> 10843300 | O64: =SUM(O32:O63) -> 3037800 | ... Q64: =SUM(Q32:Q63) -> 13881100
A65: 57 | B65: 3 | C65: 10 | D65: XAMEDOV ZAFAR IRGASHEVICH | E65: 10:01:06:01:02:5150 | F65: Богистон | G65: 75а | H65: 487 | I65: 487 | J65: =I65-H65 -> 0 | K65: 220 | L65: 36.4 | M65: қарори 327 29/11/18 | N65: =I65*P65/100 -> 243500 | O65: =K65*300 -> 66000 | P65: 50000 | Q65: =N65+O65 -> 309500
A66: 58 | B66: 4 | C66: 10 | D66: XODJAYEV MURODJON KARIMBERDIYEVICH | E66: 10:01:06:01:02:5139 | F66: Богистон | G66: 65 | H66: 600 | I66: 591 | J66: =I66-H66 -> -9 | K66: 110 | L66: 11.2 | M66: Олди-сотди шартномаси 2,02002E+14 22/05/20 | N66: =I66*P66/100 -> 295500 | O66: =K66*300 -> 33000 | P66: 50000 | Q66: =N66+O66 -> 328500
A67: 59 | B67: 6 | C67: 10 | D67: RASHIDOV ZIYOVIDDIN NAIMOVICH | E67: 10:01:06:01:02:5039 | F67: Богистон | G67: 69 | H67: 941 | I67: 941 | J67: =I67-H67 -> 0 | K67: 340 | L67: 130.68 | M67: Қонун бўйича ворислик ҳақида гувоҳнома 2,02202E+14 17/02/22 | N67: =I67*P67/100 -> 470500 | O67: =K67*300 -> 102000 | P67: 50000 | Q67: =N67+O67 -> 572500
A68: 60 | B68: 7 | C68: 10 | D68: ATABAYEVA DILORAM IRGASHEVNA | E68: 10:01:06:01:02:5059 | F68: Богистон | G68: 71 | H68: 482 | I68: 482 | J68: =I68-H68 -> 0 | K68: 350 | L68: 164.96 | M68: Ҳадя шартномаси 10-201 23/05/07 | N68: =I68*P68/100 -> 241000 | O68: =K68*300 -> 105000 | P68: 50000 | Q68: =N68+O68 -> 346000
A69: 61 | B69: 8 | C69: 10 | D69: XAMEDOV RAVSHAN IRGASHEVICH | E69: 10:01:06:01:02:5060 | F69: Богистон | G69: 73 | H69: 837 | I69: 837 | J69: =I69-H69 -> 0 | K69: 339 | L69: 197.16 | M69: қарори 80 26/02/10 | N69: =I69*P69/100 -> 418500 | O69: =K69*300 -> 101700 | P69: 50000 | Q69: =N69+O69 -> 520200
A70: 62 | B70: 9 | C70: 10 | D70: MUMINOV ISMATULLA MOVLANOVICH | E70: 10:01:06:02:02:5099 | F70: Богистон | G70: 61б | H70: 600 | I70: 582 | J70: =I70-H70 -> -18 | K70: 353 | L70: 83.64 | M70: Олди-сотди шартномаси 21-1246 30/06/00 | N70: =I70*P70/100 -> 291000 | O70: =K70*300 -> 105900 | P70: 50000 | Q70: =N70+O70 -> 396900
A71: 63 | B71: 10 | C71: 10 | D71: ABDUVAXIDOVA MUXAYO ABDUVALIYEVNA | E71: 10:01:06:01:02:5055 | F71: Богистон | G71: 61 | H71: 600 | I71: 598 | J71: =I71-H71 -> -2 | K71: 163 | L71: 73.41 | M71: Қонун бўйича ворислик ҳақида гувоҳнома 1-2337 25/06/18 | N71: =I71*P71/100 -> 299000 | O71: =K71*300 -> 48900 | P71: 50000 | Q71: =N71+O71 -> 347900
A72: 64 | B72: 11 | C72: 10 | D72: XAMEDOV ZAFAR IRGASHEVICH | E72: 10:01:06:01:02:5061 | F72: Богистон | G72: 75 | H72: 888 | I72: 888 | J72: =I72-H72 -> 0 | K72: 504 | L72: 228.01 | M72: қарори 79 сонли 26/02/10 | N72: =I72*P72/100 -> 444000 | O72: =K72*300 -> 151200 | P72: 50000 | Q72: =N72+O72 -> 595200
A73: 65 | B73: 12 | C73: 10 | D73: KUSHAKOV ARTIK AXMADJANOVICH | E73: 10:01:06:01:02:5051 | F73: Богистон | G73: 59 | H73: 600 | I73: 600 | J73: =I73-H73 -> 0 | K73: 244 | L73: 82.69 | M73: Олди-сотди шартномаси 1-299 10/01/00 | N73: =I73*P73/100 -> 300000 | O73: =K73*300 -> 73200 | P73: 50000 | Q73: =N73+O73 -> 373200
A74: 66 | B74: 13 | C74: 10 | D74: AXUNDJANOVA NILUFAR MAXMUDJANOVNA | E74: 10:01:06:01:02:5128 | F74: Богистон | G74: 77 | H74: 645 | I74: 645 | J74: =I74-H74 -> 0 | K74: 218 | L74: 60.36 | M74: Олди-сотди шартномаси 2,02202E+14 04/10/22 | N74: =I74*P74/100 -> 322500 | O74: =K74*300 -> 65400 | P74: 50000 | Q74: =N74+O74 -> 387900
A75: 67 | B75: 14 | C75: 10 | D75: UMAROV ABDURASHID UKTAMOVICH | E75: 10:01:06:01:02:5049 | F75: Богистон | G75: 57 | H75: 575 | I75: 575 | J75: =I75-H75 -> 0 | K75: 302 | L75: 115.79 | M75: Ҳадя шартномаси 1990 01/04/00 | N75: =I75*P75/100 -> 287500 | O75: =K75*300 -> 90600 | P75: 50000 | Q75: =N75+O75 -> 378100
A76: 68 | B76: 15 | C76: 10 | D76: UMAROV MUMIN UKTAMOVICH | E76: 10:01:06:01:02:5134 | F76: Богистон | G76: 55 | H76: 628 | I76: 628 | J76: =I76-H76 -> 0 | K76: 442 | L76: 74.77 | M76: қарори 612 05/10/18 | N76: =I76*P76/100 -> 314000 | O76: =K76*300 -> 132600 | P76: 50000 | Q76: =N76+O76 -> 446600
A77: 69 | B77: 16 | C77: 10 | D77: ILXAMOV IKRAM XXX | E77: 10:01:06:01:02:5147 | F77: Богистон | G77: 79 | H77: 600 | I77: 534 | J77: =I77-H77 -> -66 | K77: 254 | L77: 100.3 | M77: қарори 380/11 15/10/91 | N77: =I77*P77/100 -> 267000 | O77: =K77*300 -> 76200 | P77: 50000 | Q77: =N77+O77 -> 343200
A78: 70 | B78: 17 | C78: 10 | D78: MUSAYEV RIXSIBAY XODJIAKBAROVICH | E78: 10:01:06:01:02:5083 | F78: Богистон, туп 5 | G78: 51 | H78: 600 | I78: 611 | J78: =I78-H78 -> 11 | K78: 452 | L78: 190.55 | M78: Учтепа тумани ҳокимининг қарори 1179 10/08/99 | N78: =I78*P78/100 -> 305500 | O78: =K78*300 -> 135600 | P78: 50000 | Q78: =N78+O78 -> 441100
A79: 71 | B79: 18 | C79: 10 | D79: KAMILOV ANVAR AZIMOVICH | E79: 10:01:06:01:02:5047 | F79: Богистон | G79: 53 | H79: 600 | I79: 600 | J79: =I79-H79 -> 0 | K79: 395 | L79: 167.02 | M79: Учтепа тумани ҳокимининг қарори 273 01/06/09 | N79: =I79*P79/100 -> 300000 | O79: =K79*300 -> 118500 | P79: 50000 | Q79: =N79+O79 -> 418500
A80: 72 | B80: 20 | C80: 10 | D80: USMANOVA MUKARRAM RAXMATOVNA | E80: 10:01:06:01:02:5064 | F80: Богистон, туп 5 | G80: 83 | H80: 600 | I80: 600 | J80: =I80-H80 -> 0 | K80: 360 | L80: 138.27 | M80: қарори 1025 30/04/19 | N80: =I80*P80/100 -> 300000 | O80: =K80*300 -> 108000 | P80: 50000 | Q80: =N80+O80 -> 408000
A81: 73 | B81: 21 | C81: 10 | D81: ZUPAROV RUSTAM VAXITOVICH | E81: 10:01:06:01:02:5042 | F81: Богистон | G81: 49 | H81: 621 | I81: 621 | J81: =I81-H81 -> 0 | K81: 424 | L81: 165.41 | M81: қарори 20/08/98 | N81: =I81*P81/100 -> 310500 | O81: =K81*300 -> 127200 | P81: 50000 | Q81: =N81+O81 -> 437700
A82: 74 | B82: 22 | C82: 10 | D82: RAXIMOV ALISHER XABIBULLAYEVICH | E82: 10:01:06:01:02:5114 | F82: Богистон | G82: 43 | H82: 552 | I82: 552 | J82: =I82-H82 -> 0 | K82: 237 | L82: 148.84 | M82: Қонун бўйича ворислик ҳақида гувоҳнома 2,02202E+14 21/10/22 | N82: =I82*P82/100 -> 276000 | O82: =K82*300 -> 71100 | P82: 50000 | Q82: =N82+O82 -> 347100
A83: 75 | B83: 23 | C83: 10 | D83: ISMAILOV JAMSHID DJALALOVICH | E83: 10:01:06:01:02:5159 | F83: Богистон | G83: 51а | H83: 344 | I83: 344 | J83: =I83-H83 -> 0 | K83: 216 | L83: 29.47 | M83: қарори 421 22/06/18 | N83: =I83*P83/100 -> 172000 | O83: =K83*300 -> 64800 | P83: 50000 | Q83: =N83+O83 -> 236800
A84: 76 | B84: 24 | C84: 10 | D84: AXMEDOV ASKAR AKBAROVICH | E84: 10:01:06:01:02:5058 | F84: Богистон | G84: 45 | H84: 1159 | I84: 1159 | J84: =I84-H84 -> 0 | K84: 147 | L84: 88 | M84: Ш.Хоким карори N935. | N84: =I84*P84/100 -> 579500 | O84: =K84*300 -> 44100 | P84: 50000 | Q84: =N84+O84 -> 623600
A85: 77 | B85: 25 | C85: 10 | D85: BAKIYEV ALIM SABITOVICH | E85: 10:01:06:01:02:5038 | F85: Богистон | G85: 41 | H85: 600 | I85: 600 | J85: =I85-H85 -> 0 | K85: 298 | L85: 83.78 | M85: Ш.Хоким карори N18 0 | N85: =I85*P85/100 -> 300000 | O85: =K85*300 -> 89400 | P85: 50000 | Q85: =N85+O85 -> 389400
A86: 78 | B86: 26 | C86: 10 | D86: UMAROV KADIR UKTAMOVICH | E86: 10:01:06:01:02:5016 | F86: Богистон | G86: 66 | H86: 970 | I86: 1203 | J86: =I86-H86 -> 233 | K86: 330 | L86: 195.23 | M86: қарори 11-3/2 23/01/92 | N86: =I86*P86/100 -> 601500 | O86: =K86*300 -> 99000 | P86: 50000 | Q86: =N86+O86 -> 700500
A87: 79 | B87: 27 | C87: 10 | D87: AXMEDOV SHERZOD ERGASHBAYEVICH | E87: 10:01:06:01:02:5056 | F87: Богистон | G87: 64 | H87: 1290 | I87: 1290 | J87: =I87-H87 -> 0 | K87: 628 | L87: 223.55 | M87: Олди-сотди шартномаси 2-5098 06/11/07 | N87: =I87*P87/100 -> 645000 | O87: =K87*300 -> 188400 | P87: 50000 | Q87: =N87+O87 -> 833400
A88: 80 | B88: 28 | C88: 10 | D88: UMAROVA DILDORA GULYAMNAZAROVNA | E88: 10:01:06:01:02:5149 | F88: Богистон | G88: 66а | H88: 644 | I88: 644 | J88: =I88-H88 -> 0 | K88: 213 | L88: 70.74 | M88: қарори 1019 28/12/18 | N88: =I88*P88/100 -> 322000 | O88: =K88*300 -> 63900 | P88: 50000 | Q88: =N88+O88 -> 385900
A89: 81 | B89: 29 | C89: 10 | D89: UMAROV ABDUSAID UKTAMOVICH | E89: 10:01:06:01:02:5054 | F89: Богистон | G89: 60а | H89: 538 | I89: 538 | J89: =I89-H89 -> 0 | K89: 327 | L89: 123.76 | M89: Қонун бўйича меросга бўлган ҳуқуқ ҳақида гувоҳнома 2,02E+14 11/03/20 | N89: =I89*P89/100 -> 269000 | O89: =K89*300 -> 98100 | P89: 50000 | Q89: =N89+O89 -> 367100
A90: 82 | B90: 30 | C90: 10 | D90: MAMAJONOV XASAN IKROMOVICH | E90: 10:01:07:01:01:5472 | F90: Богистон | G90: 14а | H90: 1100 | I90: 700 | J90: =I90-H90 -> -400 | K90: 83.01 | L90: 83.01 | M90: Олди-сотди шартномаси 2,02102E+14 30/11/21 | N90: =I90*P90/100 -> 350000 | O90: =K90*300 -> 24903 | P90: 50000 | Q90: =N90+O90 -> 374903
A91: 83 | B91: 32 | C91: 10 | D91: UMAROV ABDURASUL UKTAMOVICH | E91: 10:01:06:01:02:5063 | F91: Богистон | G91: 60 | H91: 1299 | I91: =H91 -> 1299 | J91: =I91-H91 -> 0 | K91: 475 | L91: 169.5 | M91: Қонун бўйича меросга бўлган ҳуқуқ ҳақида гувоҳнома 2,02E+14 11/03/20 | N91: =I91*P91/100 -> 649500 | O91: =K91*300 -> 142500 | P91: 50000 | Q91: =N91+O91 -> 792000
A92: 84 | B92: 34 | C92: 10 | D92: AZIMOV SHUXRAT GAPPAROVICH | E92: 10:01:06:01:02:5048 | F92: Богистон | G92: 54 | H92: 759 | I92: 759 | J92: =I92-H92 -> 0 | K92: 393 | L92: 231.38 | M92: Ҳадя шартномаси Р-р1-629 12/01/05 | N92: =I92*P92/100 -> 379500 | O92: =K92*300 -> 117900 | P92: 50000 | Q92: =N92+O92 -> 497400
A93: 85 | B93: 52 | C93: 10 | D93: RAXIMOV AXMAD MAXMUTOVICH | E93: 10:01:06:01:02:5021 | F93: Богистон, туп. 3 | G93: 31 | H93: 983 | I93: 843 | J93: =I93-H93 -> -140 | K93: 317 | L93: 103 | M93: Васиятнома бўйича меросга бўлган ҳуқуқ ҳақидаги гувоҳномаси 1-281 08/02/17 | N93: =I93*P93/100 -> 421500 | O93: =K93*300 -> 95100 | P93: 50000 | Q93: =N93+O93 -> 516600
A94: 86 | B94: 53 | C94: 10 | D94: YAKUBDJANOVA OZODAGUL DJARKINOVNA | E94: 10:01:06:01:02:5117 | F94: Богистон, туп 5 | G94: 85 | H94: 600 | I94: 600 | J94: =I94-H94 -> 0 | K94: 203 | L94: 82.94 | M94: Олди-сотди шартномаси р-р№ 2-231 24/01/13 | N94: =I94*P94/100 -> 300000 | O94: =K94*300 -> 60900 | P94: 50000 | Q94: =N94+O94 -> 360900
A95: 87 | B95: 59 | C95: 10 | D95: ISMATULLAYEV XAYRULLA NASIROVICH | E95: 10:01:06:01:02:5068 | F95: Богистон | G95: 91 | H95: 500 | I95: 500 | J95: =I95-H95 -> 0 | K95: 124 | L95: 21.86 | M95: Олди-сотди шартномаси 2,02102E+14 18/01/21 | N95: =I95*P95/100 -> 250000 | O95: =K95*300 -> 37200 | P95: 50000 | Q95: =N95+O95 -> 287200
A96: 88 | B96: 64 | C96: 10 | D96: XAMIDOV KAMIL DJURAYEVICH | E96: 10:01:06:01:02:5121 | F96: Богистон, проезд 5 | G96: 93 | H96: 624 | I96: 624 | J96: =I96-H96 -> 0 | K96: 365 | L96: 193.4 | M96: Олди-сотди шартномаси 576 01/03/00 | N96: =I96*P96/100 -> 312000 | O96: =K96*300 -> 109500 | P96: 50000 | Q96: =N96+O96 -> 421500
A97: 89 | B97: 65 | C97: 10 | D97: ILXAMOVA SHOIRA IKRAMOVNA | E97: 10:01:06:01:02:5040 | F97: Богистон | G97: 89 | H97: 900 | I97: 900 | J97: =I97-H97 -> 0 | K97: 340 | L97: 121.25 | M97: Васиятнома бўйича меросга бўлган ҳуқуқ ҳақидаги гувоҳномаси 2,02102E+14 06/07/21 | N97: =I97*P97/100 -> 450000 | O97: =K97*300 -> 102000 | P97: 50000 | Q97: =N97+O97 -> 552000
A98: 90 | B98: 67 | C98: 10 | D98: Yakubova Diyora Murat qizi | E98: 10:01:06:01:02:5069 | F98: Богистон | G98: 95 | H98: 830 | I98: 877 | J98: =I98-H98 -> 47 | K98: 274 | L98: 70 | M98: Олди-сотди шартномаси 2-2718 28/07/16 | N98: =I98*P98/100 -> 438500 | O98: =K98*300 -> 82200 | P98: 50000 | Q98: =N98+O98 -> 520700
A99: 91 | B99: 19 | C99: 10 | D99: ISMAILOVA MAMURA RIXSIYEVNA | E99: 10:01:06:01:02:5105 | F99: Богистон | G99: 51 | H99: 600 | I99: 600 | J99: =I99-H99 -> 0 | K99: 232 | L99: 91.51 | M99: Курилиш шартномаси 1357 р-12-1762 28/04/92 | N99: =I99*P99/100 -> 300000 | O99: =K99*300 -> 69600 | P99: 50000 | Q99: =N99+O99 -> 369600
A100: 92 | B100: 31 | C100: 10 | D100: AZIMOV JAXONGIR ZAXIDOVICH | E100: 10:01:07:01:01:5141 | F100: Богистон | G100: 14 | H100: 1100 | I100: 700 | J100: =I100-H100 -> -400 | K100: 254 | L100: 31.98 | M100: Қонун бўйича ворислик ҳақида гувоҳнома 30-1706 27/12/06 | N100: =I100*P100/100 -> 350000 | O100: =K100*300 -> 76200 | P100: 50000 | Q100: =N100+O100 -> 426200
A101: 93 | B101: 33 | C101: 10 | D101: AZIMOV SATTAR XXX | E101: 10:01:06:01:02:5014 | F101: Богистон | G101: 18 | H101: 945 | I101: 945 | J101: =I101-H101 -> 0 | K101: 427 | L101: 172.53 | M101: фармойиши 255 р-р 02/06/92 | N101: =I101*P101/100 -> 472500 | O101: =K101*300 -> 128100 | P101: 50000 | Q101: =N101+O101 -> 600600
...

Sheet Нотурар Лотлар Вьет
A1: Учтепа тумани Катта Чўпонота махалласидаги нотурар объектлар
A2: Тартиб рақами | B2: Карта рақами | D2: Мулк эгаси | E2: Кўчаси | F2: Уй рақами | G2: Кадастр рақами | H2: Хужжати | I2: Хужжат бўйича Ер майдони, кв.м. | J2: Сотка | K2: Қурилиш ости кв.м. | L2: Захват кв.м. | M2: Снос харажатлари ($100 000)
A4: 13 | B4: 20 | C4: 3 | D4: ЧП "GULSHAN JILOSI" | E4: Фозилтепа | F4: 178 | G4: 10:01:06:01:02:0019 | H4: Олди сотди шартномаси 07.08.2012 й № 2/2833, Фуқаролик ишлари бўйича Тошкент шахар судининг қарори 17.03.2015 й № 10-1520/3172 | I4: 639 | J4: =I4/100 -> 6.39 | K4: 678 | M4: =J4*100000 -> 639000
A5: 14 | B5: 22 | C5: 3 | D5: MIRSOATOV UBAYDULLO ABDULLO O‘G‘LI | E5: Фозилтепа | F5: 178 | G5: 10:01:06:01:02:0031 | H5: Олди сотди шартномаси 06.03.2019 й № 201900061001688. | J5: =I5/100 -> 0 | K5: 67 | M5: =K5*1000 -> 67000
I6: =SUM(I4:I5) -> 639 | J6: =SUM(J4:J5) -> 6.39 | K6: =SUM(K4:K5) -> 745 | L6: =SUM(L4:L5) -> 0 | M6: =SUM(M4:M5) -> 706000
A7: 15 | B7: 23 | C7: 4 | D7: SIDIKOV BAXODIR AKMALOVICH | E7: Фозилтепа | F7: 178 | G7: 10:01:06:01:02:0032 | H7: Олди сотди шартномаси 03.06.2021 й № 202102108003387. | I7: 1045 | J7: =I7/100 -> 10.45 | K7: 892 | M7: =J7*100000 -> 1045000
I8: =SUM(I7) -> 1045 | J8: =SUM(J7) -> 10.45 | K8: =SUM(K7) -> 892 | L8: =SUM(L7) -> 0 | M8: =SUM(M7) -> 1045000
A9: 9 | B9: 157 | C9: 5 | D9: OOO "AKSAVA" | E9: Фозилтепа, | F9: 34 | G9: 10:01:06:01:02:0008 | H9: Решение хакима №970 от 27.08.2001г. | I9: 1000 | J9: =I9/100 -> 10 | L9: 7 | M9: =J9*100000 -> 1000000
A10: 10 | B10: 158 | C10: 5 | D10: ООО "PROF AVTO GARANT" | E10: Фозилтепа | G10: 10:01:06:01:02:0003 | H10: Решение Хокима №104 от 30.01.2017г. | I10: 333 | J10: =I10/100 -> 3.33 | M10: =J10*100000 -> 333000
A11: 11 | B11: 159 | C11: 5 | D11: ЧП 'MTP GARANT AGROMASH SERVIS' | E11: Фозилтепа, | F11: 34 | G11: 10:01:06:01:02:0009 | H11: Государственный ордер №12 от 23.07.2015г. | I11: 4285 | J11: =I11/100 -> 42.85 | M11: =J11*100000 -> 4285000
A12: 18 | B12: 2 | C12: 5 | D12: ГП "Спецавтообъединение Главного управления здравоохранения г.Ташкента" | E12: Фозилтепа, | F12: 34 | G12: 10:01:06:01:02:0005 | H12: Приказ №65 от 16.02.1995г. Приказ №289 от 13.10.2017г. | I12: 42507 | J12: =I12/100 -> 425.07 | M12: 8000000
A13: 19 | B13: 1 | C13: 5 | D13: ООО "TOSHKENT SHAHAR SUV TA`MINOTI" | E13: Фозилтепа, | F13: 30 | G13: 10:01:06:01:02:0021 | H13: Учтепа туман хокимининг карори 10.03.2017 й. № 238 | I13: 14394 | J13: =I13/100 -> 143.94 | M13: 7000000
I14: =SUM(I9:I13) -> 62519 | J14: =SUM(J9:J13) -> 625.19 | K14: =SUM(K9:K13) -> 0 | L14: =SUM(L9:L13) -> 7 | M14: =SUM(M9:M13) -> 20618000
A15: 16 | C15: 8 | D15: G‘OFUROV SA’DULLA TAXIR O‘G‘LI | E15: Богистон кўчаси | F15: 99а | I15: 436 | J15: =I15/100 -> 4.36 | K15: 175 | M15: =J15*100000 -> 436000
A16: 17 | C16: 8 | D16: OOO "RESTAVRATOR UNIVERSAL" | E16: Богистон кўчаси | F16: 99Б | I16: 662 | J16: =I16/100 -> 6.62 | K16: 217 | M16: =J16*100000 -> 662000
I17: =SUM(I15:I16) -> 1098 | J17: =SUM(J15:J16) -> 10.98 | K17: =SUM(K15:K16) -> 392 | L17: =SUM(L15:L16) -> 0 | M17: =SUM(M15:M16) -> 1098000
A18: 8 | B18: 155 | C18: 9 | D18: ЧП "VLAVAD RENT SERVIS" | E18: Фозилтепа, | F18: 42 | G18: 10:01:06:01:02:0040 | H18: Государственный ордер №247 от 06.09.2006г. | I18: 2328 | J18: =I18/100 -> 23.28 | M18: =J18*100000 -> 2328000
I19: =SUM(I18) -> 2328 | J19: =SUM(J18) -> 23.28 | K19: =SUM(K18) -> 0 | L19: =SUM(L18) -> 0 | M19: =SUM(M18) -> 2328000
A20: 2 | B20: 136 | C20: 12 | D20: ATABAYEV ALISHER QADAMOVICH | E20: Богистон, | F20: 4а | G20: 10:01:06:01:02:0022 | H20: Договор купли-продажи №01/08 от 13.08.2020г. | I20: 211 | J20: =I20/100 -> 2.11 | M20: =J20*100000 -> 211000
A21: 3 | B21: 137 | C21: 12 | D21: ЧП "DE LYUKS STAR" | E21: Богистон, | F21: 4а | G21: 10:01:06:01:02:0038 | H21: решение №145 от 13.03.2015г. | I21: 3663 | J21: =I21/100 -> 36.63 | M21: =J21*100000 -> 3663000
A22: 4 | B22: 138 | C22: 12 | D22: MUXAMEDOV BEXZOD NIGMATULLAYEVICH | E22: Богистон, | F22: 4б | G22: 10:01:06:01:02:0047 | H22: Решение Хокима №78 от 12.02.2015г. | I22: 1751 | J22: =I22/100 -> 17.51 | M22: =J22*100000 -> 1751000
A23: 5 | B23: 139 | C23: 12 | D23: ООО 'RAVSHANJON-UNIPROM ' | E23: Богистон, | F23: 4а | G23: 10:01:06:01:02:0054 | H23: Договор купли-продажи №4986 от 19.08.2014г.акт приемки в эксплуатацию завершенных строительством (реконструкцией) зданий и сооружений №28941511 от 19.03.2021г. | I23: 516 | J23: =I23/100 -> 5.16 | M23: =J23*100000 -> 516000
A24: 6 | B24: 140 | C24: 12 | D24: ООО "RAVSHANJON-UNIPROM" | E24: Богистон, | F24: 4а | G24: 10:01:06:01:02:0029 | H24: Решение хакима №42 от 14.02.2008г. | I24: 2152 | J24: =I24/100 -> 21.52 | M24: =J24*100000 -> 2152000
A25: 12 | B25: 160 | C25: 12 | D25: ООО "ERDON-SERVIS" | E25: Богистон, | F25: 4е | G25: 10:01:06:01:02:0025 | H25: Решение хакима №12 от 13.01.2009г. | I25: 3600 | J25: =I25/100 -> 36 | M25: =J25*100000 -> 3600000
I26: =SUM(I20:I25) -> 11893 | J26: =SUM(J20:J25) -> 118.93 | K26: =SUM(K20:K25) -> 0 | L26: =SUM(L20:L25) -> 0 | M26: =SUM(M20:M25) -> 11893000
A27: 1 | B27: 134 | C27: 14 | D27: ООО 'QODIRBEK' | E27: МКАД | G27: 10:01:06:01:02:0013 | H27: Решение хакима №261 от 12.10.2006г. Решение Хокима №1182 от 28.12.2017г. | I27: 1150 | J27: =I27/100 -> 11.5 | M27: =J27*100000 -> 1150000
I28: =SUM(I27) -> 1150 | J28: =SUM(J27) -> 11.5 | K28: =SUM(K27) -> 0 | L28: =SUM(L27) -> 0 | M28: =SUM(M27) -> 1150000
D30: Жами: | I30: =SUM(I4:I39) -> 24573 | J30: =SUM(J4:J39) -> 245.73 | L30: =SUM(L4:L39) -> 117 | M30: =SUM(M4:M28) -> 77676000
A32: Компенсация берилмайдиган ҳамада бузилмайдиган нотурар объектлар
A33: Тартиб рақами | B33: Карта рақами | D33: Мулк эгаси | E33: Кўчаси | F33: Уй рақами | G33: Кадастр рақами | H33: Хужжати | I33: Хужжат бўйича Ер майдони, кв.м. | J33: Сотка | L33: Захват кв.м. | M33: Снос харажатлари ($100 000)
A34: 19 | B34: 21 | D34: "DRENAJLAR VA KOLLEKTORLARNI TA'MIRLASH VA SAQLASH IXTISOSLASHTIRILGAN BOSHKARMASI"DAVLAT MUASSASAS | E34: Фозилтепа | F34: 178 | G34: 10:01:06:01:02:0049 | H34: Мехнаткашлар депутатлариТошкент шахар советининг ижроия комитетининг қарори 01.07.1969 й № 192, Тошкент шахар совет халқ депутатлари комитетининг қарори 06.03.1987 й № 155/5, Акмал Икромов туман хокимининг қарори 29.10.1999 й № 1493. | I34: 1013 | J34: =I34/100 -> 10.13
A35: 20 | B35: 24 | D35: XUKUMAT OB'EKLARIDA XIZMAT KO'RSATISH BO'YICHA MAXSUS BOSHQARMA | E35: Фозилтепа | F35: 178 | G35: 10:01:06:01:02:0014 | H35: Ўзбекистон Республикаси Вазирлар Махкамасининг фармойиши 20.03.2003 й № 166-ф | I35: 19805 | J35: =I35/100 -> 198.05
A36: 21 | B36: 135 | D36: Сход граждан махалли 'CHO'PON OTA' | E36: Богистон, | F36: 5 | G36: 10:01:06:01:02:0052 | H36: Договор аренды земельного участка №1-14-1-0283-12 от 26.08.2012г. | I36: 1011 | J36: =I36/100 -> 10.11
A37: 22 | B37: 156 | D37: ГУП "SUVSOZ" | E37: Фозилтепа, | F37: 42 | G37: 10:01:06:01:02:0039 | H37: Решение №708/33 от 04.12.1987г. Государственный ордер подтверждающий права собственности №16 от 05.05.2020г. | I37: 5308 | J37: =I37/100 -> 53.08
A38: 23
A39: 1 | B39: 28 | D39: G‘AFURJONOV SHAHZOD ALISHER O‘G‘LI | E39: Фозилтепа | G39: 10:01:06:01:02:0017 | H39: Олди сотди шартномаси 05.02.2021 й № 202101915001388. | I39: 1660 | J39: =I39/100 -> 16.6 | K39: 52 | L39: 83
A40: 2 | B40: 7 | D40: XAMIDOVA PARIDA KABILOVNA | E40: Богобод | F40: 269,271а,273 | G40: 10:01:06:01:02:0055 | H40: Учтепа туман хокимининг қарори 27.05.2016 й № 398 | I40: 4144 | J40: =I40/100 -> 41.44 | K40: 1791
A41: 3 | B41: 25 | D41: ООО "TURON MEROS" | E41: Фозилтепа | F41: 178 | G41: 10:01:06:01:02:0058 | H41: Тошкент шахар хокими 01.06.2021 й № 650 | I41: 15000 | J41: =I41/100 -> 150
A42: 4 | B42: 27 | D42: ООО "SOFIYA QANDOLAT" | E42: Фозилтепа | G42: 10:01:06:01:02:0057 | H42: Тошкент шахар хокими 07.04.2021 й № 386 | I42: 8000 | J42: =I42/100 -> 80 | K42: 7628
A43: 5 | B43: 29 | D43: ООО "MADINA-MUXLISA STAR" (Парк) | E43: Фозилтепа, | F43: 251 | G43: 10:01:06:01:02:0016 | H43: Учтепа туман хокими қарори 14.12.2017 й № 1140 | I43: 45200 | J43: =I43/100 -> 452
A44: 23 | D44: Жами: | I44: =SUM(I29:I37) -> 41531 | J44: =SUM(J29:J37) -> 415.31 | L44: =SUM(L29:L37) -> 0

Sheet лот бўйича хк ВЬет
B1: Турар | I1: Нотурар
A2: Лот рақами | B2: Компенсация суммаси (дастлабки ҳ-к бўйича) | C2: Лот майдони (кв.м.) | D2: Компенсиация (1 кв.м. учун) | E2: 1 сўтиҳ нархи (аукцион) | F2: Тушум (аукцион) | G2: Тушум ва компенсация фарқи | I2: Компенсация суммаси (дастлабки ҳ-к бўйича) | J2: Лот майдони (кв.м.) | K2: Компенсиация (1 кв.м. учун) | L2: 1 сўтиҳ нархи (аукцион) | M2: Тушум (аукцион) | N2: Тушум ва компенсация фарқи
A3: 1 | B3: ='Турар Вьетнам карта'!Q8 -> 8024700 | C3: 6900 | D3: =B3/C3 -> 1163 | E3: 800 | F3: =C3*E3 -> 5520000 | G3: =F3-B3 -> -2504700 | I3: ='Турар Вьетнам карта'!X8 -> 0 | J3: 6900 | K3: =I3/J3 -> 0 | L3: 800 | M3: =J3*L3 -> 5520000 | N3: =M3-I3 -> 5520000
A4: 2 | B4: ='Турар Вьетнам карта'!Q22 -> 8070350 | C4: 17300 | D4: =B4/C4 -> 466.49422 | E4: 600 | F4: =C4*E4 -> 10380000 | G4: =F4-B4 -> 2309650 | I4: ='Турар Лотлар '!X24 -> 0 | J4: 17300 | K4: =I4/J4 -> 0 | L4: 600 | M4: =J4*L4 -> 10380000 | N4: =M4-I4 -> 10380000
A5: 3 | B5: ='Турар Вьетнам карта'!Q25 -> 697800 | C5: 6500 | D5: =B5/C5 -> 107.35385 | E5: 600 | F5: =C5*E5 -> 3900000 | G5: =F5-B5 -> 3202200 | I5: ='Нотурар Лотлар Вьет'!M6 -> 706000 | J5: 6500 | K5: =I5/J5 -> 108.61538 | L5: 600 | M5: =J5*L5 -> 3900000 | N5: =M5-I5 -> 3194000
A6: 4 | B6: 0 | C6: 5900 | D6: =B6/C6 -> 0 | E6: 600 | F6: =C6*E6 -> 3540000 | G6: =F6-B6 -> 3540000 | I6: ='Нотурар Лотлар Вьет'!M8 -> 1045000 | J6: 5900 | K6: =I6/J6 -> 177.11864 | L6: 600 | M6: =J6*L6 -> 3540000 | N6: =M6-I6 -> 2495000
A7: 5 | B7: 0 | C7: 14600 | D7: =B7/C7 -> 0 | E7: 600 | F7: =C7*E7 -> 8760000 | G7: =F7-B7 -> 8760000 | I7: ='Нотурар Лотлар Вьет'!M14 -> 20618000 | J7: 14600 | K7: =I7/J7 -> 1412.1918 | L7: 600 | M7: =J7*L7 -> 8760000 | N7: =M7-I7 -> -11858000
A8: 6 | B8: 0 | C8: 6300 | D8: =B8/C8 -> 0 | E8: 600 | F8: =C8*E8 -> 3780000 | G8: =F8-B8 -> 3780000 | I8: ='Турар Лотлар '!X67 -> 0 | J8: 6300 | K8: =I8/J8 -> 0 | L8: 600 | M8: =J8*L8 -> 3780000 | N8: =M8-I8 -> 3780000
A9: 7 | B9: 0 | C9: 8500 | D9: =B9/C9 -> 0 | E9: 600 | F9: =C9*E9 -> 5100000 | G9: =F9-B9 -> 5100000 | I9: ='Турар Лотлар '!X79 -> 0 | J9: 8500 | K9: =I9/J9 -> 0 | L9: 600 | M9: =J9*L9 -> 5100000 | N9: =M9-I9 -> 5100000
A10: 8 | B10: ='Турар Вьетнам карта'!Q31 -> 1629100 | C10: 8400 | D10: =B10/C10 -> 193.94048 | E10: 600 | F10: =C10*E10 -> 5040000 | G10: =F10-B10 -> 3410900 | I10: ='Нотурар Лотлар Вьет'!M19 -> 2328000 | J10: 8400 | K10: =I10/J10 -> 277.14286 | L10: 600 | M10: =J10*L10 -> 5040000 | N10: =M10-I10 -> 2712000
A11: 9 | B11: ='Турар Вьетнам карта'!Q64 -> 13881100 | C11: 22200 | D11: =B11/C11 -> 625.27477 | E11: 600 | F11: =C11*E11 -> 13320000 | G11: =F11-B11 -> -561100 | I11: ='Нотурар Лотлар Вьет'!M19 -> 2328000 | J11: 22200 | K11: =I11/J11 -> 104.86486 | L11: 600 | M11: =J11*L11 -> 13320000 | N11: =M11-I11 -> 10992000
A12: 10 | B12: ='Турар Вьетнам карта'!Q102 -> 16654403 | C12: 20400 | D12: =B12/C12 -> 816.3923 | E12: 600 | F12: =C12*E12 -> 12240000 | G12: =F12-B12 -> -4414403 | I12: ='Турар Лотлар '!X119 -> 0 | J12: 20400 | K12: =I12/J12 -> 0 | L12: 600 | M12: =J12*L12 -> 12240000 | N12: =M12-I12 -> 12240000
A13: 11 | B13: ='Турар Лотлар '!Q120 -> 0 | D13: 0 | E13: 600 | F13: =C13*E13 -> 0 | G13: =F13-B13 -> 0 | I13: ='Турар Лотлар '!X120 -> 0 | K13: 0 | L13: 600 | M13: =J13*L13 -> 0 | N13: =M13-I13 -> 0
A14: 12 | B14: ='Турар Вьетнам карта'!Q143 -> 18398000 | C14: 39300 | D14: =B14/C14 -> 468.14249 | E14: 600 | F14: =C14*E14 -> 23580000 | G14: =F14-B14 -> 5182000 | I14: ='Нотурар Лотлар Вьет'!M26 -> 11893000 | J14: 39300 | K14: =I14/J14 -> 302.62087 | L14: 600 | M14: =J14*L14 -> 23580000 | N14: =M14-I14 -> 11687000
A15: 13 | B15: ='Турар Вьетнам карта'!Q151 -> 2821200 | C15: 5100 | D15: =B15/C15 -> 553.17647 | E15: 600 | F15: =C15*E15 -> 3060000 | G15: =F15-B15 -> 238800 | I15: ='Турар Лотлар '!X144 -> 0 | J15: 5100 | K15: =I15/J15 -> 0 | L15: 600 | M15: =J15*L15 -> 3060000 | N15: =M15-I15 -> 3060000
A16: 14 | B16: ='Турар Вьетнам карта'!Q163 -> 6182800 | C16: 15200 | D16: =B16/C16 -> 406.76316 | E16: 600 | F16: =C16*E16 -> 9120000 | G16: =F16-B16 -> 2937200 | I16: ='Нотурар Лотлар Вьет'!M28 -> 1150000 | J16: 15200 | K16: =I16/J16 -> 75.657895 | L16: 600 | M16: =J16*L16 -> 9120000 | N16: =M16-I16 -> 7970000
B17: =SUM(B3:B16) -> 76359453 | C17: =SUM(C3:C16) -> 176600 | D17: =AVERAGE(D3:D16) -> 342.89555 | E17: =AVERAGE(E3:E16) -> 614.28571 | F17: =SUM(F3:F16) -> 107340000 | G17: =F17-B17 -> 30980547 | I17: =SUM(I3:I16) -> 40068000 | J17: =SUM(J3:J16) -> 176600 | K17: =AVERAGE(K3:K16) -> 175.58659 | L17: =AVERAGE(L3:L16) -> 614.28571 | M17: =SUM(M3:M16) -> 107340000 | N17: =M17-I17 -> 67272000
D18: ўртача | K18: ўртача
A20: Умумий лотлар маълумоти
A21: Лот рақами | B21: Компенсация суммаси (дастлабки ҳ-к бўйича) | C21: Лот майдони (кв.м.) | D21: Компенсиация (1 кв.м. учун) | E21: 1 сўтиҳ нархи (аукцион) | F21: Тушум (аукцион) | G21: Тушум ва компенсация фарқи
A22: 1 | B22: =B3+I3 -> 8024700 | C22: 6900 | D22: =B22/C22 -> 1163 | E22: 800 | F22: =E22*C22 -> 5520000 | G22: =B22-F22 -> 2504700
A23: 2 | B23: =B4+I4 -> 8070350 | C23: 17300 | D23: =B23/C23 -> 466.49422 | E23: 600 | F23: =E23*C23 -> 10380000 | G23: =B23-F23 -> -2309650
A24: 3 | B24: =B5+I5 -> 1403800 | C24: 6500 | D24: =B24/C24 -> 215.96923 | E24: 850 | F24: =E24*C24 -> 5525000 | G24: =B24-F24 -> -4121200
A25: 4 | B25: =B6+I6 -> 1045000 | C25: 5900 | D25: =B25/C25 -> 177.11864 | E25: 850 | F25: =E25*C25 -> 5015000 | G25: =B25-F25 -> -3970000
A26: 5 | B26: =B7+I7 -> 20618000 | C26: 14600 | D26: =B26/C26 -> 1412.1918 | E26: 850 | F26: =E26*C26 -> 12410000 | G26: =B26-F26 -> 8208000
A27: 6 | B27: =B8+I8 -> 0 | C27: 6300 | D27: =B27/C27 -> 0 | E27: 600 | F27: =E27*C27 -> 3780000 | G27: =B27-F27 -> -3780000
A28: 7 | B28: =B9+I9 -> 0 | C28: 8500 | D28: =B28/C28 -> 0 | E28: 600 | F28: =E28*C28 -> 5100000 | G28: =B28-F28 -> -5100000
A29: 8 | B29: =B10+I10 -> 3957100 | C29: 8400 | D29: =B29/C29 -> 471.08333 | E29: 600 | F29: =E29*C29 -> 5040000 | G29: =B29-F29 -> -1082900
A30: 9 | B30: =B11+I11 -> 16209100 | C30: 22200 | D30: =B30/C30 -> 730.13964 | E30: 600 | F30: =E30*C30 -> 13320000 | G30: =B30-F30 -> 2889100
A31: 10 | B31: =B12+I12 -> 16654403 | C31: 20400 | D31: =B31/C31 -> 816.3923 | E31: 600 | F31: =E31*C31 -> 12240000 | G31: =B31-F31 -> 4414403
A32: 11 | B32: =B13+I13 -> 0 | C32: 0 | E32: 600 | F32: =E32*C32 -> 0 | G32: =B32-F32 -> 0
A33: 12 | B33: =B14+I14 -> 30291000 | C33: 39300 | D33: =B33/C33 -> 770.76336 | E33: 600 | F33: =E33*C33 -> 23580000 | G33: =B33-F33 -> 6711000
A34: 13 | B34: =B15+I15 -> 2821200 | C34: 5100 | D34: =B34/C34 -> 553.17647 | E34: 600 | F34: =E34*C34 -> 3060000 | G34: =B34-F34 -> -238800
A35: 14 | B35: =B16+I16 -> 7332800 | C35: 15200 | D35: =B35/C35 -> 482.42105 | E35: 600 | F35: =E35*C35 -> 9120000 | G35: =B35-F35 -> -1787200
B36: =SUM(B22:B35) -> 116427453 | C36: =SUM(C22:C35) -> 176600 | D36: =SUM(D22:D35) -> 7258.75 | E36: =SUM(E22:E35) -> 9350 | F36: =SUM(F22:F35) -> 114090000 | G36: =B36-F36 -> 2337453
